,Sales_id,Category,Brand,MRP,Selling price,Discount in %
26676,0,Watches,titan,12495.0,6247.0,50.0
26677,1,Watches,fastrack wearables,5995.0,3995.0,33.0
26678,2,Watches,titan,12995.0,6497.0,50.0
26679,3,Watches,fastrack wearables,6495.0,4495.0,31.0
26680,4,Watches,titan,4795.0,2877.0,40.0
26681,5,Watches,armani exchange,11995.0,7197.0,40.0
26682,6,Watches,titan,2638.2167045910855,4395.0,44.84758845312988
26683,7,Watches,fossil,2638.2167045910855,6995.0,44.84758845312988
26684,8,Watches,michael kors,2638.2167045910855,25995.0,44.84758845312988
26685,9,Watches,casio,2695.0,2425.0,10.0
26686,10,Watches,fastrack,2638.2167045910855,2395.0,44.84758845312988
26687,11,Watches,giordano,8590.0,2577.0,70.0
26688,12,Watches,titan,2638.2167045910855,2795.0,44.84758845312988
26689,13,Watches,titan,2638.2167045910855,5995.0,44.84758845312988
26690,14,Watches,fossil,2638.2167045910855,7495.0,44.84758845312988
26691,15,Watches,timex,5995.0,4796.0,20.0
26692,16,Watches,fossil,11995.0,8396.0,30.0
26693,17,Watches,guess,2638.2167045910855,14695.0,44.84758845312988
26694,18,Watches,casio,4895.0,4405.0,10.0
26695,19,Watches,titan,12495.0,6247.0,50.0
26696,20,Watches,fastrack,2638.2167045910855,3395.0,44.84758845312988
26697,21,Watches,michael kors,18495.0,12946.0,30.0
26698,22,Watches,vastranand,2638.2167045910855,1925.3425560842963,44.84758845312988
26699,23,Watches,casio,2638.2167045910855,2695.0,44.84758845312988
26700,24,Watches,fastrack,2638.2167045910855,4095.0,44.84758845312988
26701,25,Watches,anne klein,9499.0,5699.0,40.0
26702,0,Watches,fossil,13495.0,9446.0,30.0
26703,1,Watches,titan,2638.2167045910855,11395.0,44.84758845312988
26704,2,Watches,titan,2638.2167045910855,17495.0,44.84758845312988
26705,3,Watches,titan,10495.0,5247.0,50.0
26706,4,Watches,fastrack,2638.2167045910855,4695.0,44.84758845312988
26707,5,Watches,giordano,7850.0,2355.0,70.0
26708,6,Watches,casio,3795.0,2656.0,30.0
26709,7,Watches,titan,7795.0,3897.0,50.0
26710,8,Watches,giordano,9590.0,2877.0,70.0
26711,9,Watches,titan,2638.2167045910855,5845.0,44.84758845312988
26712,10,Watches,casio,5995.0,5395.0,10.0
26713,11,Watches,timex,3695.0,2956.0,20.0
26714,12,Watches,giordano,8500.0,2550.0,70.0
26715,13,Watches,giordano,9590.0,2877.0,70.0
26716,14,Watches,fastrack,2638.2167045910855,1995.0,44.84758845312988
26717,15,Watches,anne klein,10750.0,7525.0,30.0
26718,16,Watches,fastrack wearables,7995.0,5995.0,25.0
26719,17,Watches,titan,12495.0,6247.0,50.0
26720,18,Watches,michael kors,2638.2167045910855,13495.0,44.84758845312988
26721,19,Watches,michael kors,18495.0,12946.0,30.0
26722,20,Watches,titan,2638.2167045910855,4695.0,44.84758845312988
26723,21,Watches,fastrack wearables,5995.0,3995.0,33.0
26725,23,Watches,casio,5295.0,4765.0,10.0
26726,24,Watches,tommy hilfiger,10495.0,7346.0,30.0
26727,25,Watches,daniel wellington,12699.0,6349.0,50.0
26728,0,Watches,giordano,7950.0,2385.0,70.0
26729,1,Watches,fossil,2638.2167045910855,18495.0,44.84758845312988
26730,2,Watches,titan,2638.2167045910855,5495.0,44.84758845312988
26731,3,Watches,titan wearables,11995.0,7995.0,33.0
26732,4,Watches,guess,13500.0,11475.0,15.0
26733,5,Watches,armani exchange,8995.0,6296.0,30.0
26734,6,Watches,giordano,11990.0,4796.0,60.0
26735,7,Watches,tommy hilfiger,2638.2167045910855,13495.0,44.84758845312988
26736,8,Watches,casio,2395.0,2155.0,10.0
26737,9,Watches,tissot,2638.2167045910855,28500.0,44.84758845312988
26738,10,Watches,casio,7495.0,5246.0,30.0
26739,11,Watches,giordano,14590.0,4377.0,70.0
26740,12,Watches,swiss eagle,13500.0,4050.0,70.0
26741,13,Watches,timex,4395.0,2637.0,40.0
26742,14,Watches,fossil,2638.2167045910855,10995.0,44.84758845312988
26743,15,Watches,fastrack wearables,6495.0,4495.0,31.0
26744,16,Watches,fossil,11995.0,8396.0,30.0
26745,17,Watches,fossil,10995.0,8796.0,20.0
26746,18,Watches,giordano,8650.0,4325.0,50.0
26747,19,Watches,giordano,9590.0,3836.0,60.0
26748,20,Watches,fastrack,2638.2167045910855,1395.0,44.84758845312988
26749,21,Watches,casio,7495.0,5246.0,30.0
26751,23,Watches,amazfit,2638.2167045910855,13999.0,44.84758845312988
26752,24,Watches,giordano,10990.0,4396.0,60.0
26753,25,Watches,titan,2638.2167045910855,7295.0,44.84758845312988
26754,0,Watches,michael kors,2638.2167045910855,20795.0,44.84758845312988
26755,1,Watches,michael kors,2638.2167045910855,29995.0,44.84758845312988
26756,2,Watches,titan,2638.2167045910855,4795.0,44.84758845312988
26757,3,Watches,fastrack,2638.2167045910855,3695.0,44.84758845312988
26758,4,Watches,fossil,10995.0,7696.0,30.0
26759,5,Watches,titan,4495.0,2697.0,40.0
26760,6,Watches,kenneth cole,2638.2167045910855,13195.0,44.84758845312988
26761,7,Watches,giordano,9250.0,2775.0,70.0
26762,8,Watches,michael kors,14495.0,8697.0,40.0
26763,9,Watches,united colors of benetton,2995.0,1797.0,40.0
26764,10,Watches,titan,6995.0,4197.0,40.0
26765,11,Watches,titan,2638.2167045910855,4795.0,44.84758845312988
26766,12,Watches,timex,3195.0,2556.0,20.0
26767,13,Watches,fastrack,2638.2167045910855,2695.0,44.84758845312988
26768,14,Watches,titan,4795.0,2397.0,50.0
26769,15,Watches,giordano,8390.0,2517.0,70.0
26770,16,Watches,titan,2638.2167045910855,4195.0,44.84758845312988
26771,17,Watches,guess,10500.0,7350.0,30.0
26772,18,Watches,giordano,13990.0,6495.0,54.0
26773,19,Watches,guess,2638.2167045910855,8795.0,44.84758845312988
26774,20,Watches,titan,2638.2167045910855,6695.0,44.84758845312988
26775,21,Watches,fossil,2638.2167045910855,9995.0,44.84758845312988
26777,23,Watches,titan,14295.0,7147.0,50.0
26778,24,Watches,fossil,2638.2167045910855,10195.0,44.84758845312988
26779,25,Watches,guess,2638.2167045910855,15495.0,44.84758845312988
26780,0,Watches,coach,9995.0,4997.0,50.0
26781,1,Watches,michael kors,2638.2167045910855,14495.0,44.84758845312988
26782,2,Watches,giordano,11590.0,3477.0,70.0
26783,3,Watches,titan,8195.0,4097.0,50.0
26784,4,Watches,titan,2638.2167045910855,9995.0,44.84758845312988
26785,5,Watches,titan,2638.2167045910855,5295.0,44.84758845312988
26786,6,Watches,giordano,9250.0,2775.0,70.0
26787,7,Watches,guess,14995.0,10496.0,30.0
26788,8,Watches,timex,5995.0,4796.0,20.0
26789,9,Watches,casio,11995.0,10795.0,10.0
26790,10,Watches,fastrack wearables,6495.0,4495.0,31.0
26791,11,Watches,fossil,2638.2167045910855,11995.0,44.84758845312988
26792,12,Watches,giordano,9995.0,2998.0,70.0
26793,13,Watches,titan,2638.2167045910855,17495.0,44.84758845312988
26794,14,Watches,skagen,11995.0,8396.0,30.0
26795,15,Watches,titan,2638.2167045910855,4695.0,44.84758845312988
26796,16,Watches,fastrack,2638.2167045910855,2650.0,44.84758845312988
26797,17,Watches,fastrack,2638.2167045910855,4395.0,44.84758845312988
26798,18,Watches,giordano,11590.0,4636.0,60.0
26799,19,Watches,emporio armani,25995.0,18196.0,30.0
26800,20,Watches,fastrack wearables,2995.0,1795.0,40.0
26801,21,Watches,casio,4995.0,3496.0,30.0
26803,23,Watches,fastrack,2638.2167045910855,3195.0,44.84758845312988
26804,24,Watches,fossil,16495.0,11546.0,30.0
26805,25,Watches,casio,5495.0,4945.0,10.0
26806,0,Watches,skagen,9995.0,6996.0,30.0
26807,1,Watches,fastrack wearables,2995.0,1795.0,40.0
26808,2,Watches,armani exchange,9995.0,7996.0,20.0
26809,3,Watches,fossil,2638.2167045910855,9495.0,44.84758845312988
26810,4,Watches,titan,2638.2167045910855,9640.0,44.84758845312988
26811,5,Watches,titan,2638.2167045910855,5195.0,44.84758845312988
26812,6,Watches,giordano,8790.0,2637.0,70.0
26813,7,Watches,giordano,15290.0,6116.0,60.0
26814,8,Watches,titan,2638.2167045910855,6295.0,44.84758845312988
26815,9,Watches,anne klein,8300.0,4980.0,40.0
26816,10,Watches,kenneth cole,2638.2167045910855,8500.0,44.84758845312988
26817,11,Watches,giordano,8950.0,2685.0,70.0
26818,12,Watches,titan,3995.0,1997.0,50.0
26819,13,Watches,michael kors,2638.2167045910855,14495.0,44.84758845312988
26820,14,Watches,titan,2638.2167045910855,19690.0,44.84758845312988
26821,15,Watches,daniel wellington,10599.0,5299.0,50.0
26822,16,Watches,giordano,13290.0,6645.0,50.0
26823,17,Watches,tommy hilfiger,2638.2167045910855,13495.0,44.84758845312988
26824,18,Watches,tommy hilfiger,8995.0,7196.0,20.0
26825,19,Watches,giordano,12990.0,3897.0,70.0
26826,20,Watches,esprit,8500.0,6375.0,25.0
26827,21,Watches,fossil,2638.2167045910855,23995.0,44.84758845312988
26829,23,Watches,casio,13495.0,10796.0,20.0
26830,24,Watches,fastrack,2638.2167045910855,2395.0,44.84758845312988
26831,25,Watches,titan,2638.2167045910855,4995.0,44.84758845312988
26832,0,Watches,fastrack,2638.2167045910855,2595.0,44.84758845312988
26833,1,Watches,fastrack,2638.2167045910855,2195.0,44.84758845312988
26834,2,Watches,michael kors,2638.2167045910855,25995.0,44.84758845312988
26835,3,Watches,coach,22995.0,11497.0,50.0
26836,4,Watches,anne klein,14995.0,8997.0,40.0
26837,5,Watches,giordano,11250.0,3375.0,70.0
26838,6,Watches,fastrack wearables,2995.0,1795.0,40.0
26839,7,Watches,emporio armani,23495.0,16446.0,30.0
26840,8,Watches,titan,9995.0,4997.0,50.0
26841,9,Watches,casio,6495.0,4546.0,30.0
26842,10,Watches,casio,5295.0,4765.0,10.0
26843,11,Watches,michael kors,2638.2167045910855,13495.0,44.84758845312988
26844,12,Watches,fastrack,2638.2167045910855,2695.0,44.84758845312988
26845,13,Watches,esprit,9990.0,7492.0,25.0
26846,14,Watches,helix,1495.0,897.0,40.0
26847,15,Watches,guess,7495.0,5246.0,30.0
26848,16,Watches,fossil,2638.2167045910855,9495.0,44.84758845312988
26849,17,Watches,just cavalli,24900.0,22410.0,10.0
26850,18,Watches,casio,5295.0,4765.0,10.0
26851,19,Watches,giordano,6750.0,2025.0,70.0
26852,20,Watches,tommy hilfiger,2638.2167045910855,13495.0,44.84758845312988
26853,21,Watches,giordano,10990.0,4396.0,60.0
26855,23,Watches,tommy hilfiger,2638.2167045910855,7750.0,44.84758845312988
26856,24,Watches,giordano,8790.0,2637.0,70.0
26857,25,Watches,giordano,7100.0,4970.0,30.0
26858,0,Watches,titan,2638.2167045910855,9640.0,44.84758845312988
26859,1,Watches,giordano,7790.0,2337.0,70.0
26860,2,Watches,fossil,10995.0,8796.0,20.0
26861,3,Watches,giordano,11590.0,3477.0,70.0
26862,4,Watches,tommy hilfiger,6495.0,4546.0,30.0
26863,5,Watches,titan,4495.0,2697.0,40.0
26864,6,Watches,just cavalli,18500.0,16650.0,10.0
26865,7,Watches,fastrack wearables,7995.0,5995.0,25.0
26866,8,Watches,giordano,11990.0,4796.0,60.0
26867,9,Watches,timex,4995.0,2497.0,50.0
26868,10,Watches,giordano,8450.0,4225.0,50.0
26869,11,Watches,amazfit,2638.2167045910855,13999.0,44.84758845312988
26870,12,Watches,timex,4395.0,3516.0,20.0
26871,13,Watches,coach,22000.0,13200.0,40.0
26872,14,Watches,giordano,11590.0,3477.0,70.0
26873,15,Watches,casio,5995.0,4796.0,20.0
26874,16,Watches,fossil,2638.2167045910855,11995.0,44.84758845312988
26875,17,Watches,armani exchange,2638.2167045910855,13995.0,44.84758845312988
26876,18,Watches,timex,3195.0,2556.0,20.0
26877,19,Watches,giordano,11590.0,3477.0,70.0
26878,20,Watches,giordano,14490.0,5796.0,60.0
26879,21,Watches,titan,9995.0,4997.0,50.0
26881,23,Watches,titan,2638.2167045910855,9295.0,44.84758845312988
26882,24,Watches,fossil,9495.0,7596.0,20.0
26883,25,Watches,giordano,11590.0,4636.0,60.0
26884,0,Watches,giordano,8390.0,2517.0,70.0
26885,1,Watches,swiss eagle,13990.0,4197.0,70.0
26886,2,Watches,fossil,2638.2167045910855,6995.0,44.84758845312988
26887,3,Watches,timex,5795.0,4636.0,20.0
26888,4,Watches,casio,4995.0,4495.0,10.0
26889,5,Watches,timex,4745.0,2847.0,40.0
26890,6,Watches,titan,2638.2167045910855,3165.0,44.84758845312988
26891,7,Watches,fossil,2638.2167045910855,10995.0,44.84758845312988
26892,8,Watches,timex,7795.0,3897.0,50.0
26893,9,Watches,fossil,2638.2167045910855,16995.0,44.84758845312988
26894,10,Watches,titan,2638.2167045910855,7295.0,44.84758845312988
26895,11,Watches,fastrack,2638.2167045910855,2795.0,44.84758845312988
26896,12,Watches,kenneth cole,2638.2167045910855,11695.0,44.84758845312988
26897,13,Watches,giordano,3995.0,1997.0,50.0
26898,14,Watches,fastrack,2638.2167045910855,2750.0,44.84758845312988
26899,15,Watches,giordano,11990.0,4796.0,60.0
26900,16,Watches,tommy hilfiger,2638.2167045910855,11495.0,44.84758845312988
26901,17,Watches,anne klein,7499.0,4499.0,40.0
26902,18,Watches,fastrack,2638.2167045910855,1295.0,44.84758845312988
26903,19,Watches,titan,2638.2167045910855,10640.0,44.84758845312988
26904,20,Watches,casio,11995.0,8396.0,30.0
26905,21,Watches,guess,11500.0,8050.0,30.0
26907,23,Watches,casio,5495.0,4945.0,10.0
26908,24,Watches,giordano,7850.0,3925.0,50.0
26909,25,Watches,fastrack,2638.2167045910855,2450.0,44.84758845312988
26910,0,Watches,casio,11995.0,9596.0,20.0
26911,1,Watches,swiss eagle,15995.0,4798.0,70.0
26912,2,Watches,tommy hilfiger,2638.2167045910855,10995.0,44.84758845312988
26913,3,Watches,steve madden,4990.0,2994.0,40.0
26914,4,Watches,daniel wellington,16199.0,8099.0,50.0
26915,5,Watches,tissot,2638.2167045910855,20500.0,44.84758845312988
26916,6,Watches,michael kors,18495.0,12946.0,30.0
26917,7,Watches,fossil,7995.0,6396.0,20.0
26918,8,Watches,giordano,8950.0,2685.0,70.0
26919,9,Watches,fossil,16495.0,11546.0,30.0
26920,10,Watches,titan,2638.2167045910855,14140.0,44.84758845312988
26921,11,Watches,fastrack,2638.2167045910855,2495.0,44.84758845312988
26922,12,Watches,giordano,7100.0,3550.0,50.0
26923,13,Watches,emporio armani,29995.0,20996.0,30.0
26924,14,Watches,fastrack,2638.2167045910855,2150.0,44.84758845312988
26925,15,Watches,fossil,9495.0,6646.0,30.0
26926,16,Watches,just cavalli,18500.0,16650.0,10.0
26927,17,Watches,emporio armani,2638.2167045910855,25995.0,44.84758845312988
26928,18,Watches,helix,1845.0,1107.0,40.0
26929,19,Watches,titan,8295.0,4147.0,50.0
26930,20,Watches,fastrack,2638.2167045910855,1895.0,44.84758845312988
26931,21,Watches,giordano,14490.0,5796.0,60.0
26933,23,Watches,timex,5995.0,4796.0,20.0
26934,24,Watches,casio,2695.0,2156.0,20.0
26935,25,Watches,titan,11995.0,5997.0,50.0
26936,0,Watches,casio,2495.0,2245.0,10.0
26937,1,Watches,giordano,8790.0,2637.0,70.0
26938,2,Watches,daniel wellington,16199.0,8099.0,50.0
26939,3,Watches,giordano,14490.0,5796.0,60.0
26940,4,Watches,giordano,8990.0,2697.0,70.0
26941,5,Watches,kenneth cole,2638.2167045910855,11695.0,44.84758845312988
26942,6,Watches,fastrack,2638.2167045910855,1995.0,44.84758845312988
26943,7,Watches,casio,9295.0,8365.0,10.0
26944,8,Watches,michael kors,16995.0,11896.0,30.0
26945,9,Watches,emporio armani,2638.2167045910855,15995.0,44.84758845312988
26946,10,Watches,michael kors,2638.2167045910855,29995.0,44.84758845312988
26947,11,Watches,anne klein,9750.0,5850.0,40.0
26948,12,Watches,casio,5495.0,4945.0,10.0
26949,13,Watches,fossil,16995.0,13596.0,20.0
26950,14,Watches,titan,2638.2167045910855,4460.0,44.84758845312988
26951,15,Watches,michael kors,2638.2167045910855,18495.0,44.84758845312988
26952,16,Watches,timex,7295.0,4377.0,40.0
26953,17,Watches,anne klein,10999.0,7699.0,30.0
26954,18,Watches,casio,8495.0,6796.0,20.0
26955,19,Watches,casio,3995.0,3196.0,20.0
26956,20,Watches,amazfit,2638.2167045910855,13999.0,44.84758845312988
26957,21,Watches,ted baker,14995.0,8997.0,40.0
26959,23,Watches,titan,2638.2167045910855,16140.0,44.84758845312988
26960,24,Watches,armani exchange,8995.0,6296.0,30.0
26961,25,Watches,titan,7495.0,3747.0,50.0
26962,0,Watches,giordano,9590.0,3836.0,60.0
26963,1,Watches,timex,2638.2167045910855,4395.0,44.84758845312988
26964,2,Watches,giordano,10950.0,3285.0,70.0
26965,3,Watches,fastrack,2638.2167045910855,2195.0,44.84758845312988
26966,4,Watches,casio,3095.0,2785.0,10.0
26967,5,Watches,daniel wellington,14799.0,7399.0,50.0
26968,6,Watches,giordano,9590.0,3836.0,60.0
26969,7,Watches,fastrack,2638.2167045910855,2450.0,44.84758845312988
26970,8,Watches,skagen,9995.0,4997.0,50.0
26971,9,Watches,tommy hilfiger,2638.2167045910855,13495.0,44.84758845312988
26972,10,Watches,michael kors,18495.0,12946.0,30.0
26973,11,Watches,fossil,2638.2167045910855,11995.0,44.84758845312988
26974,12,Watches,armani exchange,2638.2167045910855,9995.0,44.84758845312988
26975,13,Watches,giordano,11990.0,4796.0,60.0
26976,14,Watches,tommy hilfiger,2638.2167045910855,13495.0,44.84758845312988
26977,15,Watches,giordano,9750.0,2925.0,70.0
26978,16,Watches,giordano,8790.0,2637.0,70.0
26979,17,Watches,guess,2638.2167045910855,12900.0,44.84758845312988
26980,18,Watches,casio,3295.0,2636.0,20.0
26981,19,Watches,titan,8295.0,4147.0,50.0
26982,20,Watches,armani exchange,2638.2167045910855,15495.0,44.84758845312988
26983,21,Watches,casio,10495.0,7346.0,30.0
26985,23,Watches,lamex,2638.2167045910855,1499.0,44.84758845312988
26986,24,Watches,united colors of benetton,2995.0,1797.0,40.0
26987,25,Watches,titan,2638.2167045910855,4995.0,44.84758845312988
26988,0,Watches,michael kors,2638.2167045910855,19995.0,44.84758845312988
26989,1,Watches,anne klein,2638.2167045910855,10750.0,44.84758845312988
26990,2,Watches,guess,17995.0,12596.0,30.0
26991,3,Watches,kenneth cole,2638.2167045910855,10000.0,44.84758845312988
26992,4,Watches,tommy hilfiger,10500.0,7350.0,30.0
26993,5,Watches,titan,2638.2167045910855,4495.0,44.84758845312988
26994,6,Watches,fastrack,2638.2167045910855,2950.0,44.84758845312988
26995,7,Watches,timex,4495.0,2697.0,40.0
26996,8,Watches,casio,7195.0,5756.0,20.0
26997,9,Watches,tommy hilfiger,6500.0,5200.0,20.0
26998,10,Watches,fastrack,2638.2167045910855,3250.0,44.84758845312988
26999,11,Watches,fossil,2638.2167045910855,24995.0,44.84758845312988
27000,12,Watches,titan,2638.2167045910855,5495.0,44.84758845312988
27001,13,Watches,fastrack,2638.2167045910855,2595.0,44.84758845312988
27002,14,Watches,casio,4395.0,3955.0,10.0
27003,15,Watches,emporio armani,19795.0,13856.0,30.0
27004,16,Watches,skagen,13495.0,9446.0,30.0
27005,17,Watches,giordano,9590.0,3836.0,60.0
27006,18,Watches,michael kors,16995.0,13596.0,20.0
27007,19,Watches,guess,2638.2167045910855,15995.0,44.84758845312988
27008,20,Watches,giordano,9250.0,2775.0,70.0
27009,21,Watches,michael kors,19995.0,15996.0,20.0
27011,23,Watches,tommy hilfiger,11995.0,8396.0,30.0
27012,24,Watches,fastrack,2638.2167045910855,1395.0,44.84758845312988
27013,25,Watches,coach,17500.0,8750.0,50.0
27014,0,Watches,michael kors,2638.2167045910855,18495.0,44.84758845312988
27015,1,Watches,fossil,13995.0,8397.0,40.0
27016,2,Watches,fastrack,2638.2167045910855,2195.0,44.84758845312988
27017,3,Watches,giordano,9750.0,2925.0,70.0
27018,4,Watches,armani exchange,10995.0,8796.0,20.0
27019,5,Watches,michael kors,2638.2167045910855,25995.0,44.84758845312988
27020,6,Watches,fossil,2638.2167045910855,12495.0,44.84758845312988
27021,7,Watches,amazfit,2638.2167045910855,13999.0,44.84758845312988
27022,8,Watches,fastrack wearables,7995.0,5995.0,25.0
27023,9,Watches,giordano,8990.0,4495.0,50.0
27024,10,Watches,tommy hilfiger,2638.2167045910855,9995.0,44.84758845312988
27025,11,Watches,esprit,7500.0,5625.0,25.0
27026,12,Watches,casio,9995.0,6996.0,30.0
27027,13,Watches,tommy hilfiger,2638.2167045910855,13495.0,44.84758845312988
27028,14,Watches,fastrack,2638.2167045910855,1195.0,44.84758845312988
27029,15,Watches,titan,2638.2167045910855,6695.0,44.84758845312988
27030,16,Watches,giordano,11990.0,4796.0,60.0
27031,17,Watches,amazfit,2638.2167045910855,13999.0,44.84758845312988
27032,18,Watches,titan,8295.0,4977.0,40.0
27033,19,Watches,giordano,4290.0,2145.0,50.0
27034,20,Watches,fossil,2638.2167045910855,6995.0,44.84758845312988
27035,21,Watches,skagen,2638.2167045910855,8995.0,44.84758845312988
27037,23,Watches,casio,11995.0,8396.0,30.0
27038,24,Watches,armani exchange,2638.2167045910855,10995.0,44.84758845312988
27039,25,Watches,skagen,10995.0,7696.0,30.0
27040,0,Watches,michael kors,2638.2167045910855,29995.0,44.84758845312988
27041,1,Watches,titan,2638.2167045910855,6495.0,44.84758845312988
27042,2,Watches,michael kors,19995.0,15996.0,20.0
27043,3,Watches,michael kors,2638.2167045910855,21995.0,44.84758845312988
27044,4,Watches,michael kors,2638.2167045910855,24495.0,44.84758845312988
27045,5,Watches,fossil,2638.2167045910855,6995.0,44.84758845312988
27046,6,Watches,helix,2495.0,1497.0,40.0
27047,7,Watches,fossil,2638.2167045910855,14995.0,44.84758845312988
27048,8,Watches,guess,2638.2167045910855,13500.0,44.84758845312988
27049,9,Watches,titan,2638.2167045910855,8295.0,44.84758845312988
27050,10,Watches,michael kors,14495.0,11596.0,20.0
27051,11,Watches,titan,8295.0,4147.0,50.0
27052,12,Watches,casio,3795.0,3415.0,10.0
27053,13,Watches,fastrack,2638.2167045910855,2095.0,44.84758845312988
27054,14,Watches,giordano,8950.0,2685.0,70.0
27055,15,Watches,titan,2638.2167045910855,6695.0,44.84758845312988
27056,16,Watches,titan,2638.2167045910855,2445.0,44.84758845312988
27057,17,Watches,giordano,6950.0,3475.0,50.0
27058,18,Watches,fossil,2638.2167045910855,12495.0,44.84758845312988
27059,19,Watches,giordano,8990.0,6293.0,30.0
27060,20,Watches,anne klein,2638.2167045910855,9499.0,44.84758845312988
27061,21,Watches,giordano,9990.0,3996.0,60.0
27063,23,Watches,giordano,11590.0,3477.0,70.0
27064,24,Watches,michael kors,2638.2167045910855,16995.0,44.84758845312988
27065,25,Watches,elle,6995.0,3497.0,50.0
27066,0,Watches,casio,7695.0,5386.0,30.0
27067,1,Watches,michael kors,18495.0,12946.0,30.0
27068,2,Watches,fossil,9495.0,7596.0,20.0
27069,3,Watches,emporio armani,21995.0,13197.0,40.0
27070,4,Watches,tommy hilfiger,10500.0,6300.0,40.0
27071,5,Watches,tommy hilfiger,2638.2167045910855,10995.0,44.84758845312988
27072,6,Watches,skagen,14495.0,10146.0,30.0
27073,7,Watches,titan,2638.2167045910855,12195.0,44.84758845312988
27074,8,Watches,casio,3295.0,2636.0,20.0
27075,9,Watches,fastrack,2638.2167045910855,3495.0,44.84758845312988
27076,10,Watches,casio,4195.0,2936.0,30.0
27077,11,Watches,giordano,4790.0,2395.0,50.0
27078,12,Watches,just cavalli,24900.0,22410.0,10.0
27079,13,Watches,ted baker,16495.0,9897.0,40.0
27080,14,Watches,emporio armani,29995.0,20996.0,30.0
27081,15,Watches,casio,3995.0,3595.0,10.0
27082,16,Watches,michael kors,2638.2167045910855,27995.0,44.84758845312988
27083,17,Watches,michael kors,2638.2167045910855,19995.0,44.84758845312988
27084,18,Watches,just cavalli,24900.0,22410.0,10.0
27085,19,Watches,fossil,16995.0,13596.0,20.0
27086,20,Watches,tommy hilfiger,2638.2167045910855,12500.0,44.84758845312988
27087,21,Watches,michael kors,2638.2167045910855,14495.0,44.84758845312988
27089,23,Watches,casio,5295.0,4765.0,10.0
27090,24,Watches,fastrack,2638.2167045910855,1450.0,44.84758845312988
27091,25,Watches,tommy hilfiger,2638.2167045910855,10750.0,44.84758845312988
27092,0,Watches,fossil,8995.0,5397.0,40.0
27093,1,Watches,fastrack,2638.2167045910855,1750.0,44.84758845312988
27094,2,Watches,guess,9695.0,8240.0,15.0
27095,3,Watches,fossil,10195.0,6117.0,40.0
27096,4,Watches,fossil,11995.0,9596.0,20.0
27097,5,Watches,daniel wellington,2638.2167045910855,15499.0,44.84758845312988
27098,6,Watches,fossil,2638.2167045910855,12495.0,44.84758845312988
27099,7,Watches,tommy hilfiger,11500.0,6900.0,40.0
27100,8,Watches,titan,4495.0,2697.0,40.0
27101,9,Watches,fossil,8995.0,7196.0,20.0
27102,10,Watches,casio,4995.0,3996.0,20.0
27103,11,Watches,tommy hilfiger,12995.0,7797.0,40.0
27104,12,Watches,versus,17995.0,14396.0,20.0
27105,13,Watches,fossil,2638.2167045910855,9995.0,44.84758845312988
27106,14,Watches,michael kors,2638.2167045910855,19995.0,44.84758845312988
27107,15,Watches,giordano,10790.0,4316.0,60.0
27108,16,Watches,titan,2638.2167045910855,11495.0,44.84758845312988
27109,17,Watches,michael kors,16995.0,10197.0,40.0
27110,18,Watches,fjord,7290.0,2916.0,60.0
27111,19,Watches,fjord,6990.0,2796.0,60.0
27112,20,Watches,fastrack,2638.2167045910855,2795.0,44.84758845312988
27113,21,Watches,daniel wellington,13999.0,6999.0,50.0
27115,23,Watches,casio,7495.0,5246.0,30.0
27116,24,Watches,timex,4495.0,2697.0,40.0
27117,25,Watches,tommy hilfiger,2638.2167045910855,10995.0,44.84758845312988
27118,0,Watches,giordano,12990.0,5196.0,60.0
27119,1,Watches,fossil,2638.2167045910855,11995.0,44.84758845312988
27120,2,Watches,giordano,12990.0,5196.0,60.0
27121,3,Watches,michael kors,19995.0,15996.0,20.0
27122,4,Watches,giordano,11990.0,4796.0,60.0
27123,5,Watches,titan,4795.0,2877.0,40.0
27124,6,Watches,michael kors,2638.2167045910855,40995.0,44.84758845312988
27125,7,Watches,casio,2695.0,2156.0,20.0
27126,8,Watches,fossil,2638.2167045910855,2295.0,44.84758845312988
27127,9,Watches,fossil,2638.2167045910855,11995.0,44.84758845312988
27128,10,Watches,giordano,4590.0,2295.0,50.0
27129,11,Watches,casio,5995.0,5395.0,10.0
27130,12,Watches,fastrack,2638.2167045910855,1695.0,44.84758845312988
27131,13,Watches,titan,2638.2167045910855,19795.0,44.84758845312988
27132,14,Watches,amazfit,2638.2167045910855,9999.0,44.84758845312988
27133,15,Watches,tommy hilfiger,2638.2167045910855,10250.0,44.84758845312988
27134,16,Watches,armani exchange,2638.2167045910855,12995.0,44.84758845312988
27135,17,Watches,giordano,11790.0,4716.0,60.0
27136,18,Watches,guess,2638.2167045910855,11295.0,44.84758845312988
27137,19,Watches,titan,2638.2167045910855,7195.0,44.84758845312988
27138,20,Watches,anne klein,9250.0,5550.0,40.0
27139,21,Watches,coach,2638.2167045910855,11995.0,44.84758845312988
27141,23,Watches,fossil,9495.0,5697.0,40.0
27142,24,Watches,esprit,10100.0,7575.0,25.0
27143,25,Watches,titan,2638.2167045910855,6695.0,44.84758845312988
27144,0,Watches,giordano,7790.0,3116.0,60.0
27145,1,Watches,fossil,2638.2167045910855,10995.0,44.84758845312988
27146,2,Watches,titan,2638.2167045910855,17495.0,44.84758845312988
27147,3,Watches,michael kors,2638.2167045910855,21995.0,44.84758845312988
27148,4,Watches,michael kors,2638.2167045910855,19995.0,44.84758845312988
27149,5,Watches,giordano,13590.0,5436.0,60.0
27150,6,Watches,timex,2995.0,2396.0,20.0
27151,7,Watches,casio,10995.0,9895.0,10.0
27152,8,Watches,fastrack,2638.2167045910855,2795.0,44.84758845312988
27153,9,Watches,michael kors,14495.0,11596.0,20.0
27154,10,Watches,casio,4695.0,3286.0,30.0
27155,11,Watches,coach,22500.0,13500.0,40.0
27156,12,Watches,timex,3995.0,3196.0,20.0
27157,13,Watches,michael kors,2638.2167045910855,18495.0,44.84758845312988
27158,14,Watches,lamex,2638.2167045910855,1899.0,44.84758845312988
27159,15,Watches,giordano,14490.0,5796.0,60.0
27160,16,Watches,emporio armani,25995.0,18196.0,30.0
27161,17,Watches,timex,3795.0,3036.0,20.0
27162,18,Watches,skagen,8995.0,6296.0,30.0
27163,19,Watches,fastrack,2638.2167045910855,2195.0,44.84758845312988
27164,20,Watches,esprit,9700.0,7275.0,25.0
27165,21,Watches,casio,5195.0,4156.0,20.0
27167,23,Watches,titan,4795.0,2877.0,40.0
27168,24,Watches,titan,2638.2167045910855,16995.0,44.84758845312988
27169,25,Watches,guess,2638.2167045910855,16995.0,44.84758845312988
27170,0,Watches,guess,11900.0,8330.0,30.0
27171,1,Watches,fastrack,2638.2167045910855,2595.0,44.84758845312988
27172,2,Watches,guess,2638.2167045910855,14900.0,44.84758845312988
27173,3,Watches,titan,8295.0,4147.0,50.0
27174,4,Watches,casio,3995.0,3595.0,10.0
27175,5,Watches,casio,8495.0,5946.0,30.0
27176,6,Watches,anne klein,2638.2167045910855,7495.0,44.84758845312988
27177,7,Watches,fossil,2638.2167045910855,6995.0,44.84758845312988
27178,8,Watches,just cavalli,20900.0,18810.0,10.0
27179,9,Watches,fossil,2638.2167045910855,16995.0,44.84758845312988
27180,10,Watches,titan,2638.2167045910855,16995.0,44.84758845312988
27181,11,Watches,giordano,4990.0,2495.0,50.0
27182,12,Watches,titan,2638.2167045910855,8195.0,44.84758845312988
27183,13,Watches,giordano,11590.0,4636.0,60.0
27184,14,Watches,skagen,10995.0,7696.0,30.0
27185,15,Watches,skagen,9995.0,4997.0,50.0
27186,16,Watches,armani exchange,2638.2167045910855,21495.0,44.84758845312988
27187,17,Watches,amazfit,2638.2167045910855,6999.0,44.84758845312988
27188,18,Watches,armani exchange,2638.2167045910855,8995.0,44.84758845312988
27189,19,Watches,giordano,4290.0,3003.0,30.0
27190,20,Watches,casio,4995.0,3996.0,20.0
27191,21,Watches,timex,9995.0,4997.0,50.0
27193,23,Watches,esprit,9500.0,7125.0,25.0
27194,24,Watches,esprit,11900.0,8925.0,25.0
27195,25,Watches,fossil,2638.2167045910855,9995.0,44.84758845312988
27196,0,Watches,fastrack,2638.2167045910855,2850.0,44.84758845312988
27197,1,Watches,timex,3495.0,2796.0,20.0
27198,2,Watches,timex,2638.2167045910855,3695.0,44.84758845312988
27199,3,Watches,casio,11995.0,10795.0,10.0
27200,4,Watches,united colors of benetton,3795.0,2277.0,40.0
27201,5,Watches,michael kors,19995.0,13996.0,30.0
27202,6,Watches,fossil,2638.2167045910855,9495.0,44.84758845312988
27203,7,Watches,fastrack,2638.2167045910855,1850.0,44.84758845312988
27204,8,Watches,just cavalli,19900.0,17910.0,10.0
27205,9,Watches,michael kors,2638.2167045910855,21995.0,44.84758845312988
27206,10,Watches,titan,2638.2167045910855,6460.0,44.84758845312988
27207,11,Watches,fastrack,2638.2167045910855,1495.0,44.84758845312988
27208,12,Watches,giordano,5290.0,2645.0,50.0
27209,13,Watches,giordano,5450.0,2725.0,50.0
27210,14,Watches,titan,2638.2167045910855,4495.0,44.84758845312988
27211,15,Watches,giordano,8290.0,4145.0,50.0
27212,16,Watches,tissot,2638.2167045910855,28500.0,44.84758845312988
27213,17,Watches,kenneth cole,10095.0,6057.0,40.0
27214,18,Watches,guess,12500.0,8750.0,30.0
27215,19,Watches,amazfit,2638.2167045910855,6999.0,44.84758845312988
27216,20,Watches,emporio armani,21995.0,15396.0,30.0
27217,21,Watches,titan,2638.2167045910855,16495.0,44.84758845312988
27219,23,Watches,lamex,2638.2167045910855,1549.0,44.84758845312988
27220,24,Watches,esprit,9900.0,7425.0,25.0
27221,25,Watches,titan,2638.2167045910855,4995.0,44.84758845312988
27222,0,Watches,fjord,7290.0,2916.0,60.0
27223,1,Watches,casio,2638.2167045910855,7295.0,44.84758845312988
27224,2,Watches,titan,2638.2167045910855,20795.0,44.84758845312988
27225,3,Watches,giordano,4990.0,2495.0,50.0
27226,4,Watches,casio,7495.0,5246.0,30.0
27227,5,Watches,giordano,3990.0,2793.0,30.0
27228,6,Watches,titan,2638.2167045910855,7295.0,44.84758845312988
27229,7,Watches,armani exchange,10995.0,7696.0,30.0
27230,8,Watches,coach,9495.0,7596.0,20.0
27231,9,Watches,daniel wellington,14799.0,7399.0,50.0
27232,10,Watches,michael kors,14495.0,10146.0,30.0
27233,11,Watches,guess,2638.2167045910855,9495.0,44.84758845312988
27234,12,Watches,titan,2638.2167045910855,4595.0,44.84758845312988
27235,13,Watches,casio,4395.0,3955.0,10.0
27236,14,Watches,titan,2638.2167045910855,8395.0,44.84758845312988
27237,15,Watches,casio,6495.0,5845.0,10.0
27238,16,Watches,esprit,7200.0,5400.0,25.0
27239,17,Watches,timex,7495.0,5996.0,20.0
27240,18,Watches,giordano,8990.0,3596.0,60.0
27241,19,Watches,giordano,12990.0,5196.0,60.0
27242,20,Watches,united colors of benetton,3495.0,2097.0,40.0
27243,21,Watches,titan,2638.2167045910855,7190.0,44.84758845312988
27245,23,Watches,michael kors,18495.0,12946.0,30.0
27246,24,Watches,titan,2638.2167045910855,6295.0,44.84758845312988
27247,25,Watches,titan,2638.2167045910855,7595.0,44.84758845312988
27248,0,Watches,timex,3095.0,2476.0,20.0
27249,1,Watches,lamex,2638.2167045910855,1499.0,44.84758845312988
27250,2,Watches,giordano,5890.0,4123.0,30.0
27251,3,Watches,titan,2638.2167045910855,9395.0,44.84758845312988
27252,4,Watches,giordano,13790.0,5516.0,60.0
27253,5,Watches,fastrack,2638.2167045910855,1550.0,44.84758845312988
27254,6,Watches,emporio armani,2638.2167045910855,25995.0,44.84758845312988
27255,7,Watches,giordano,13790.0,6895.0,50.0
27256,8,Watches,titan,2638.2167045910855,6495.0,44.84758845312988
27257,9,Watches,titan,2638.2167045910855,2995.0,44.84758845312988
27258,10,Watches,timex,5295.0,4236.0,20.0
27259,11,Watches,emporio armani,29995.0,23996.0,20.0
27260,12,Watches,giordano,4195.0,2097.0,50.0
27261,13,Watches,titan,2638.2167045910855,2995.0,44.84758845312988
27262,14,Watches,fossil,2638.2167045910855,11995.0,44.84758845312988
27263,15,Watches,armani exchange,2638.2167045910855,14495.0,44.84758845312988
27264,16,Watches,michael kors,2638.2167045910855,16995.0,44.84758845312988
27265,17,Watches,helix,2638.2167045910855,7495.0,44.84758845312988
27266,18,Watches,amazfit,2638.2167045910855,4999.0,44.84758845312988
27267,19,Watches,giordano,11750.0,3525.0,70.0
27268,20,Watches,anne klein,8499.0,5949.0,30.0
27269,21,Watches,emporio armani,13495.0,8097.0,40.0
27271,23,Watches,skagen,2638.2167045910855,9995.0,44.84758845312988
27272,24,Watches,daniel wellington,12699.0,6349.0,50.0
27273,25,Watches,titan,2638.2167045910855,5295.0,44.84758845312988
27274,0,Watches,giordano,11990.0,4796.0,60.0
27275,1,Watches,giordano,11750.0,3525.0,70.0
27276,2,Watches,fossil,2638.2167045910855,9995.0,44.84758845312988
27277,3,Watches,amazfit,2638.2167045910855,12999.0,44.84758845312988
27278,4,Watches,titan,2638.2167045910855,10295.0,44.84758845312988
27279,5,Watches,guess,2638.2167045910855,17495.0,44.84758845312988
27280,6,Watches,fastrack,2638.2167045910855,2495.0,44.84758845312988
27281,7,Watches,michael kors,2638.2167045910855,18495.0,44.84758845312988
27282,8,Watches,ted baker,15995.0,9597.0,40.0
27283,9,Watches,casio,4995.0,4495.0,10.0
27284,10,Watches,giordano,10790.0,4316.0,60.0
27285,11,Watches,ted baker,14995.0,8997.0,40.0
27286,12,Watches,timex,3095.0,2476.0,20.0
27287,13,Watches,casio,8295.0,6636.0,20.0
27288,14,Watches,titan,2638.2167045910855,3595.0,44.84758845312988
27289,15,Watches,giordano,9250.0,2775.0,70.0
27290,16,Watches,lawman watches,7499.0,4999.0,33.0
27291,17,Watches,giordano,5795.0,3477.0,40.0
27292,18,Watches,fastrack,2638.2167045910855,1995.0,44.84758845312988
27293,19,Watches,fossil,2638.2167045910855,24995.0,44.84758845312988
27294,20,Watches,giordano,9990.0,3996.0,60.0
27295,21,Watches,michael kors,2638.2167045910855,14495.0,44.84758845312988
27297,23,Watches,versace,2638.2167045910855,44000.0,44.84758845312988
27298,24,Watches,titan,2638.2167045910855,4195.0,44.84758845312988
27299,25,Watches,emporio armani,2638.2167045910855,16995.0,44.84758845312988
27300,0,Watches,casio,9295.0,7436.0,20.0
27301,1,Watches,michael kors,14495.0,11596.0,20.0
27302,2,Watches,giordano,9990.0,2997.0,70.0
27303,3,Watches,versus,2638.2167045910855,19995.0,44.84758845312988
27304,4,Watches,esprit,7900.0,5925.0,25.0
27305,5,Watches,titan,2638.2167045910855,7795.0,44.84758845312988
27306,6,Watches,giordano,9650.0,2895.0,70.0
27307,7,Watches,casio,10995.0,7696.0,30.0
27308,8,Watches,giordano,11790.0,5895.0,50.0
27309,9,Watches,anne klein,6499.0,3899.0,40.0
27310,10,Watches,kenneth cole,9795.0,6856.0,30.0
27311,11,Watches,timex,3595.0,2876.0,20.0
27312,12,Watches,emporio armani,2638.2167045910855,25995.0,44.84758845312988
27313,13,Watches,casio,9995.0,6996.0,30.0
27314,14,Watches,emporio armani,2638.2167045910855,18495.0,44.84758845312988
27315,15,Watches,fastrack,2638.2167045910855,1795.0,44.84758845312988
27316,16,Watches,fastrack,2638.2167045910855,2595.0,44.84758845312988
27317,17,Watches,skagen,2638.2167045910855,9995.0,44.84758845312988
27318,18,Watches,casio,6995.0,5596.0,20.0
27319,19,Watches,helix,2495.0,1497.0,40.0
27320,20,Watches,fossil,9495.0,7596.0,20.0
27321,21,Watches,united colors of benetton,4995.0,2997.0,40.0
27323,23,Watches,giordano,14990.0,5996.0,60.0
27324,24,Watches,skagen,2638.2167045910855,10995.0,44.84758845312988
27325,25,Watches,timex,4995.0,2497.0,50.0
27326,0,Watches,fossil,2638.2167045910855,10995.0,44.84758845312988
27327,1,Watches,amazfit,2638.2167045910855,12999.0,44.84758845312988
27328,2,Watches,casio,3795.0,3036.0,20.0
27329,3,Watches,fastrack,2638.2167045910855,2895.0,44.84758845312988
27330,4,Watches,fastrack wearables,7995.0,5995.0,25.0
27331,5,Watches,fastrack,2638.2167045910855,2695.0,44.84758845312988
27332,6,Watches,elle,6995.0,2798.0,60.0
27333,7,Watches,guess,2638.2167045910855,14500.0,44.84758845312988
27334,8,Watches,elle,5495.0,2198.0,60.0
27335,9,Watches,giordano,8990.0,3596.0,60.0
27336,10,Watches,titan,2638.2167045910855,11140.0,44.84758845312988
27337,11,Watches,timex,7295.0,3647.0,50.0
27338,12,Watches,amazfit,2638.2167045910855,3499.0,44.84758845312988
27339,13,Watches,amazfit,2638.2167045910855,3499.0,44.84758845312988
27340,14,Watches,fastrack,2638.2167045910855,4050.0,44.84758845312988
27341,15,Watches,casio,3995.0,2796.0,30.0
27342,16,Watches,skagen,8995.0,6296.0,30.0
27343,17,Watches,helix,2195.0,1317.0,40.0
27344,18,Watches,skagen,9995.0,6996.0,30.0
27345,19,Watches,citizen,2638.2167045910855,7900.0,44.84758845312988
27346,20,Watches,fjord,7290.0,2916.0,60.0
27347,21,Watches,timex,6995.0,3497.0,50.0
27349,23,Watches,casio,4495.0,4045.0,10.0
27350,24,Watches,kenneth cole,2638.2167045910855,11995.0,44.84758845312988
27351,25,Watches,casio,7295.0,6565.0,10.0
27352,0,Watches,titan wearables,11995.0,7995.0,33.0
27353,1,Watches,olivia burton,14995.0,8997.0,40.0
27354,2,Watches,emporio armani,24495.0,14697.0,40.0
27355,3,Watches,emporio armani,2638.2167045910855,27995.0,44.84758845312988
27356,4,Watches,coach,2638.2167045910855,12995.0,44.84758845312988
27357,5,Watches,fossil,9495.0,6646.0,30.0
27358,6,Watches,fastrack,2638.2167045910855,2595.0,44.84758845312988
27359,7,Watches,michael kors,2638.2167045910855,17495.0,44.84758845312988
27360,8,Watches,titan,2638.2167045910855,5195.0,44.84758845312988
27361,9,Watches,fossil,2638.2167045910855,9995.0,44.84758845312988
27362,10,Watches,michael kors,16995.0,11896.0,30.0
27363,11,Watches,fastrack,2638.2167045910855,1550.0,44.84758845312988
27364,12,Watches,michael kors,2638.2167045910855,18495.0,44.84758845312988
27365,13,Watches,giordano,11990.0,4796.0,60.0
27366,14,Watches,fastrack wearables,2995.0,1795.0,40.0
27367,15,Watches,michael kors,2638.2167045910855,15995.0,44.84758845312988
27368,16,Watches,casio,6995.0,4896.0,30.0
27369,17,Watches,giordano,4990.0,2495.0,50.0
27370,18,Watches,casio,2638.2167045910855,1995.0,44.84758845312988
27371,19,Watches,emporio armani,2638.2167045910855,19895.0,44.84758845312988
27372,20,Watches,fastrack,2638.2167045910855,1850.0,44.84758845312988
27373,21,Watches,helix,2638.2167045910855,7495.0,44.84758845312988
27375,23,Watches,timex,3895.0,3116.0,20.0
27376,24,Watches,casio,8495.0,6796.0,20.0
27377,25,Watches,fossil,2638.2167045910855,16495.0,44.84758845312988
27378,0,Watches,fastrack,2638.2167045910855,1995.0,44.84758845312988
27379,1,Watches,fossil,2638.2167045910855,12495.0,44.84758845312988
27380,2,Watches,fossil,2638.2167045910855,18495.0,44.84758845312988
27381,3,Watches,fossil,2638.2167045910855,9995.0,44.84758845312988
27382,4,Watches,elle,9995.0,4997.0,50.0
27383,5,Watches,fossil,10995.0,7696.0,30.0
27384,6,Watches,esprit,9500.0,7125.0,25.0
27385,7,Watches,titan,2638.2167045910855,2445.0,44.84758845312988
27386,8,Watches,emporio armani,25995.0,18196.0,30.0
27387,9,Watches,fastrack,2638.2167045910855,1550.0,44.84758845312988
27388,10,Watches,michael kors,2638.2167045910855,15995.0,44.84758845312988
27389,11,Watches,casio,6995.0,4896.0,30.0
27390,12,Watches,titan,2638.2167045910855,3895.0,44.84758845312988
27391,13,Watches,casio,4995.0,3996.0,20.0
27392,14,Watches,casio,4195.0,2936.0,30.0
27393,15,Watches,fastrack,2638.2167045910855,2795.0,44.84758845312988
27394,16,Watches,emporio armani,2638.2167045910855,39995.0,44.84758845312988
27395,17,Watches,timex,7995.0,3997.0,50.0
27396,18,Watches,fossil,2638.2167045910855,10995.0,44.84758845312988
27397,19,Watches,fossil,2638.2167045910855,6995.0,44.84758845312988
27398,20,Watches,michael kors,2638.2167045910855,18495.0,44.84758845312988
27399,21,Watches,titan,2638.2167045910855,5695.0,44.84758845312988
27401,23,Watches,tommy hilfiger,2638.2167045910855,7495.0,44.84758845312988
27402,24,Watches,xylys,2638.2167045910855,16500.0,44.84758845312988
27403,25,Watches,giordano,10550.0,4220.0,60.0
27404,0,Watches,armani exchange,2638.2167045910855,13995.0,44.84758845312988
27405,1,Watches,esprit,8500.0,6375.0,25.0
27406,2,Watches,fossil,2638.2167045910855,8995.0,44.84758845312988
27407,3,Watches,casio,3995.0,2796.0,30.0
27408,4,Watches,fastrack,2638.2167045910855,1450.0,44.84758845312988
27409,5,Watches,giordano,13790.0,6895.0,50.0
27410,6,Watches,michael kors,2638.2167045910855,13495.0,44.84758845312988
27411,7,Watches,casio,10995.0,7696.0,30.0
27412,8,Watches,casio,3495.0,3145.0,10.0
27413,9,Watches,lamex,2638.2167045910855,1899.0,44.84758845312988
27414,10,Watches,titan,2638.2167045910855,5395.0,44.84758845312988
27415,11,Watches,timex,6395.0,3197.0,50.0
27416,12,Watches,titan,2638.2167045910855,5195.0,44.84758845312988
27417,13,Watches,titan,2638.2167045910855,3795.0,44.84758845312988
27418,14,Watches,giordano,11290.0,4516.0,60.0
27419,15,Watches,fossil,9995.0,7996.0,20.0
27420,16,Watches,casio,7195.0,5036.0,30.0
27421,17,Watches,fossil,2638.2167045910855,6995.0,44.84758845312988
27422,18,Watches,fossil,2638.2167045910855,12495.0,44.84758845312988
27423,19,Watches,fossil,2638.2167045910855,10995.0,44.84758845312988
27424,20,Watches,anne klein,6499.0,3899.0,40.0
27425,21,Watches,michael kors,2638.2167045910855,25995.0,44.84758845312988
27427,23,Watches,daniel wellington,13999.0,6999.0,50.0
27428,24,Watches,giordano,8590.0,3436.0,60.0
27429,25,Watches,casio,10995.0,7696.0,30.0
27430,0,Watches,tommy hilfiger,2638.2167045910855,13250.0,44.84758845312988
27431,1,Watches,tissot,2638.2167045910855,48500.0,44.84758845312988
27432,2,Watches,amazfit,2638.2167045910855,4999.0,44.84758845312988
27433,3,Watches,titan,2638.2167045910855,4695.0,44.84758845312988
27434,4,Watches,casio,6995.0,5596.0,20.0
27435,5,Watches,giordano,4950.0,2475.0,50.0
27436,6,Watches,timex,4395.0,3516.0,20.0
27437,7,Watches,versace,2638.2167045910855,55700.0,44.84758845312988
27438,8,Watches,esprit,7700.0,5775.0,25.0
27439,9,Watches,michael kors,2638.2167045910855,18495.0,44.84758845312988
27440,10,Watches,tommy hilfiger,2638.2167045910855,10995.0,44.84758845312988
27441,11,Watches,fastrack,2638.2167045910855,1695.0,44.84758845312988
27442,12,Watches,casio,7695.0,5386.0,30.0
27443,13,Watches,titan,2638.2167045910855,3795.0,44.84758845312988
27444,14,Watches,giordano,8790.0,3516.0,60.0
27445,15,Watches,casio,4395.0,3516.0,20.0
27446,16,Watches,esprit,8300.0,6225.0,25.0
27447,17,Watches,olivia burton,10995.0,6597.0,40.0
27448,18,Watches,tommy hilfiger,10500.0,7350.0,30.0
27449,19,Watches,titan,2638.2167045910855,12695.0,44.84758845312988
27450,20,Watches,skagen,2638.2167045910855,21995.0,44.84758845312988
27451,21,Watches,fossil,2638.2167045910855,11995.0,44.84758845312988
27453,23,Watches,skagen,2638.2167045910855,10995.0,44.84758845312988
27454,24,Watches,titan,2638.2167045910855,10995.0,44.84758845312988
27455,25,Watches,skagen,10995.0,6597.0,40.0
27456,0,Watches,daniel wellington,2638.2167045910855,21199.0,44.84758845312988
27457,1,Watches,emporio armani,2638.2167045910855,21995.0,44.84758845312988
27458,2,Watches,fossil,2638.2167045910855,12995.0,44.84758845312988
27459,3,Watches,timex,3195.0,2556.0,20.0
27460,4,Watches,timex,5995.0,4796.0,20.0
27461,5,Watches,casio,10995.0,7696.0,30.0
27462,6,Watches,giordano,9990.0,3996.0,60.0
27463,7,Watches,michael kors,2638.2167045910855,19995.0,44.84758845312988
27464,8,Watches,timex,3195.0,2556.0,20.0
27465,9,Watches,giordano,13590.0,4077.0,70.0
27466,10,Watches,casio,5795.0,4636.0,20.0
27467,11,Watches,titan,2638.2167045910855,6195.0,44.84758845312988
27468,12,Watches,timex,2638.2167045910855,3495.0,44.84758845312988
27469,13,Watches,ted baker,13495.0,10796.0,20.0
27470,14,Watches,helix,2245.0,1796.0,20.0
27471,15,Watches,fastrack,2638.2167045910855,1550.0,44.84758845312988
27472,16,Watches,daniel wellington,2638.2167045910855,15499.0,44.84758845312988
27473,17,Watches,fastrack,2638.2167045910855,2950.0,44.84758845312988
27474,18,Watches,fastrack,2638.2167045910855,2795.0,44.84758845312988
27475,19,Watches,daniel wellington,13999.0,6999.0,50.0
27476,20,Watches,casio,10995.0,7696.0,30.0
27477,21,Watches,casio,5995.0,4196.0,30.0
27479,23,Watches,casio,3295.0,2636.0,20.0
27480,24,Watches,timex,2995.0,2396.0,20.0
27481,25,Watches,casio,9995.0,6996.0,30.0
27482,0,Watches,fastrack,2638.2167045910855,2295.0,44.84758845312988
27483,1,Watches,casio,5995.0,4196.0,30.0
27484,2,Watches,michael kors,2638.2167045910855,25995.0,44.84758845312988
27485,3,Watches,titan,2638.2167045910855,6695.0,44.84758845312988
27486,4,Watches,daniel wellington,14799.0,7399.0,50.0
27487,5,Watches,titan,2638.2167045910855,6095.0,44.84758845312988
27488,6,Watches,tommy hilfiger,12999.0,7799.0,40.0
27489,7,Watches,fastrack,2638.2167045910855,2595.0,44.84758845312988
27490,8,Watches,lamex,2638.2167045910855,1749.0,44.84758845312988
27491,9,Watches,emporio armani,27995.0,19596.0,30.0
27492,10,Watches,giordano,10450.0,4180.0,60.0
27493,11,Watches,skagen,2638.2167045910855,8995.0,44.84758845312988
27494,12,Watches,giordano,10990.0,4396.0,60.0
27495,13,Watches,anne klein,8499.0,5949.0,30.0
27496,14,Watches,fossil,2638.2167045910855,4295.0,44.84758845312988
27497,15,Watches,anne klein,9499.0,5699.0,40.0
27498,16,Watches,tommy hilfiger,2638.2167045910855,11500.0,44.84758845312988
27499,17,Watches,fossil,2638.2167045910855,15495.0,44.84758845312988
27500,18,Watches,skagen,2638.2167045910855,8995.0,44.84758845312988
27501,19,Watches,fastrack,2638.2167045910855,3950.0,44.84758845312988
27502,20,Watches,strand by obaku,5995.0,4796.0,20.0
27503,21,Watches,giordano,11990.0,5995.0,50.0
27505,23,Watches,guess,11500.0,9775.0,15.0
27506,24,Watches,casio,7995.0,5596.0,30.0
27507,25,Watches,tommy hilfiger,2638.2167045910855,9995.0,44.84758845312988
27508,0,Watches,armani exchange,2638.2167045910855,10995.0,44.84758845312988
27509,1,Watches,daniel wellington,2638.2167045910855,16999.0,44.84758845312988
27510,2,Watches,casio,4995.0,3496.0,30.0
27511,3,Watches,fossil,2638.2167045910855,18495.0,44.84758845312988
27512,4,Watches,michael kors,18495.0,12946.0,30.0
27513,5,Watches,casio,8795.0,6156.0,30.0
27514,6,Watches,helix,2295.0,1377.0,40.0
27515,7,Watches,fastrack,2638.2167045910855,1450.0,44.84758845312988
27516,8,Watches,guess,9900.0,6930.0,30.0
27517,9,Watches,timex,13995.0,6997.0,50.0
27518,10,Watches,fossil,9995.0,7996.0,20.0
27519,11,Watches,giordano,5050.0,2525.0,50.0
27520,12,Watches,fossil,2638.2167045910855,7495.0,44.84758845312988
27521,13,Watches,olivia burton,11500.0,6900.0,40.0
27522,14,Watches,anne klein,2638.2167045910855,14495.0,44.84758845312988
27523,15,Watches,casio,10995.0,7696.0,30.0
27524,16,Watches,tissot,2638.2167045910855,24000.0,44.84758845312988
27525,17,Watches,daniel wellington,16199.0,8099.0,50.0
27526,18,Watches,michael kors,2638.2167045910855,21995.0,44.84758845312988
27527,19,Watches,michael kors,2638.2167045910855,18495.0,44.84758845312988
27528,20,Watches,fossil,2638.2167045910855,10995.0,44.84758845312988
27529,21,Watches,michael kors,16995.0,11896.0,30.0
27531,23,Watches,fastrack,2638.2167045910855,1795.0,44.84758845312988
27532,24,Watches,giordano,3945.0,1972.0,50.0
27533,25,Watches,titan,2638.2167045910855,18795.0,44.84758845312988
27534,0,Watches,tommy hilfiger,14995.0,10496.0,30.0
27535,1,Watches,casio,7695.0,5386.0,30.0
27536,2,Watches,emporio armani,2638.2167045910855,29995.0,44.84758845312988
27537,3,Watches,guess,2638.2167045910855,13295.0,44.84758845312988
27538,4,Watches,strand by obaku,4995.0,3496.0,30.0
27539,5,Watches,versace,2638.2167045910855,142500.0,44.84758845312988
27540,6,Watches,tommy hilfiger,2638.2167045910855,10995.0,44.84758845312988
27541,7,Watches,elle,5495.0,2198.0,60.0
27542,8,Watches,fossil,2638.2167045910855,12495.0,44.84758845312988
27543,9,Watches,titan,2638.2167045910855,18995.0,44.84758845312988
27544,10,Watches,ted baker,15495.0,12396.0,20.0
27545,11,Watches,giordano,11990.0,4796.0,60.0
27546,12,Watches,strand by obaku,4495.0,3146.0,30.0
27547,13,Watches,timex,2638.2167045910855,8995.0,44.84758845312988
27548,14,Watches,giordano,4595.0,2297.0,50.0
27549,15,Watches,anne klein,6499.0,3899.0,40.0
27550,16,Watches,anne klein,2638.2167045910855,10750.0,44.84758845312988
27551,17,Watches,versace,2638.2167045910855,137900.0,44.84758845312988
27552,18,Watches,timex,6995.0,3497.0,50.0
27553,19,Watches,casio,3495.0,3145.0,10.0
27554,20,Watches,coach,2638.2167045910855,20995.0,44.84758845312988
27555,21,Watches,timex,4395.0,3516.0,20.0
27557,23,Watches,fastrack,2638.2167045910855,2350.0,44.84758845312988
27558,24,Watches,fastrack,2638.2167045910855,3295.0,44.84758845312988
27559,25,Watches,versus,17995.0,14396.0,20.0
27560,0,Watches,ted baker,13995.0,8397.0,40.0
27561,1,Watches,swiss eagle,9975.0,5985.0,40.0
27562,2,Watches,emporio armani,2638.2167045910855,21995.0,44.84758845312988
27563,3,Watches,versus,14995.0,10496.0,30.0
27564,4,Watches,fastrack,2638.2167045910855,1850.0,44.84758845312988
27565,5,Watches,casio,7195.0,6475.0,10.0
27566,6,Watches,emporio armani,2638.2167045910855,29995.0,44.84758845312988
27567,7,Watches,timex,3495.0,1747.0,50.0
27568,8,Watches,casio,2695.0,2425.0,10.0
27569,9,Watches,giordano,3990.0,1995.0,50.0
27570,10,Watches,casio,3795.0,3415.0,10.0
27571,11,Watches,lamex,2638.2167045910855,1249.0,44.84758845312988
27572,12,Watches,kenneth cole,9495.0,5697.0,40.0
27573,13,Watches,giordano,7950.0,3180.0,60.0
27574,14,Watches,anne klein,7250.0,4350.0,40.0
27575,15,Watches,daniel wellington,12699.0,6349.0,50.0
27576,16,Watches,titan,2638.2167045910855,10895.0,44.84758845312988
27577,17,Watches,titan,2638.2167045910855,6495.0,44.84758845312988
27578,18,Watches,anne klein,2638.2167045910855,11700.0,44.84758845312988
27579,19,Watches,casio,7295.0,6565.0,10.0
27580,20,Watches,fastrack,2638.2167045910855,1850.0,44.84758845312988
27581,21,Watches,titan,2638.2167045910855,4795.0,44.84758845312988
27583,23,Watches,giordano,4990.0,2495.0,50.0
27584,24,Watches,casio,14495.0,13045.0,10.0
27585,25,Watches,giordano,13790.0,5516.0,60.0
27586,0,Watches,giordano,8990.0,3596.0,60.0
27587,1,Watches,anne klein,7250.0,5075.0,30.0
27588,2,Watches,timex,5945.0,3567.0,40.0
27589,3,Watches,titan,2638.2167045910855,6140.0,44.84758845312988
27590,4,Watches,ted baker,16995.0,10197.0,40.0
27591,5,Watches,elle,7995.0,3997.0,50.0
27592,6,Watches,michael kors,2638.2167045910855,25995.0,44.84758845312988
27593,7,Watches,michael kors,2638.2167045910855,14495.0,44.84758845312988
27594,8,Watches,titan,2638.2167045910855,8395.0,44.84758845312988
27595,9,Watches,guess,2638.2167045910855,14495.0,44.84758845312988
27596,10,Watches,michael kors,2638.2167045910855,18495.0,44.84758845312988
27597,11,Watches,esprit,8900.0,6675.0,25.0
27598,12,Watches,kenneth cole,2638.2167045910855,16995.0,44.84758845312988
27599,13,Watches,titan,2638.2167045910855,2795.0,44.84758845312988
27600,14,Watches,esprit,10500.0,7875.0,25.0
27601,15,Watches,titan,2638.2167045910855,13195.0,44.84758845312988
27602,16,Watches,skagen,2638.2167045910855,9995.0,44.84758845312988
27603,17,Watches,casio,3495.0,2446.0,30.0
27604,18,Watches,timex,7995.0,4797.0,40.0
27605,19,Watches,just cavalli,24900.0,22410.0,10.0
27606,20,Watches,giordano,7450.0,5215.0,30.0
27607,21,Watches,strand by obaku,5995.0,4796.0,20.0
27609,23,Watches,titan,18495.0,11097.0,40.0
27610,24,Watches,titan,2638.2167045910855,9395.0,44.84758845312988
27611,25,Watches,ted baker,16495.0,9897.0,40.0
27612,0,Watches,ted baker,13495.0,10796.0,20.0
27613,1,Watches,esprit,8990.0,6742.0,25.0
27614,2,Watches,casio,7195.0,5036.0,30.0
27615,3,Watches,casio,5995.0,4196.0,30.0
27616,4,Watches,fossil,2638.2167045910855,9495.0,44.84758845312988
27617,5,Watches,coach,20995.0,14696.0,30.0
27618,6,Watches,united colors of benetton,3495.0,2097.0,40.0
27619,7,Watches,fossil,9495.0,5697.0,40.0
27620,8,Watches,esprit,8500.0,6375.0,25.0
27621,9,Watches,giordano,12990.0,5196.0,60.0
27622,10,Watches,daniel wellington,12699.0,6349.0,50.0
27623,11,Watches,giordano,6995.0,4197.0,40.0
27624,12,Watches,casio,7195.0,5036.0,30.0
27625,13,Watches,fossil,16995.0,13596.0,20.0
27626,14,Watches,esprit,13900.0,10425.0,25.0
27627,15,Watches,fastrack,2638.2167045910855,2795.0,44.84758845312988
27628,16,Watches,emporio armani,2638.2167045910855,18495.0,44.84758845312988
27629,17,Watches,skagen,2638.2167045910855,9995.0,44.84758845312988
27630,18,Watches,fossil,7995.0,6396.0,20.0
27631,19,Watches,casio,9995.0,6996.0,30.0
27632,20,Watches,titan,2638.2167045910855,3595.0,44.84758845312988
27633,21,Watches,citizen,2638.2167045910855,7900.0,44.84758845312988
27635,23,Watches,titan,2638.2167045910855,7495.0,44.84758845312988
27636,24,Watches,tommy hilfiger,2638.2167045910855,13495.0,44.84758845312988
27637,25,Watches,giordano,7100.0,3550.0,50.0
27638,0,Watches,tommy hilfiger,2638.2167045910855,9995.0,44.84758845312988
27639,1,Watches,diesel,2638.2167045910855,7495.0,44.84758845312988
27640,2,Watches,tommy hilfiger,13995.0,8397.0,40.0
27641,3,Watches,armani exchange,2638.2167045910855,11995.0,44.84758845312988
27642,4,Watches,fastrack,2638.2167045910855,2095.0,44.84758845312988
27643,5,Watches,michael kors,2638.2167045910855,18495.0,44.84758845312988
27644,6,Watches,titan,2638.2167045910855,2995.0,44.84758845312988
27645,7,Watches,strand by obaku,5995.0,4796.0,20.0
27646,8,Watches,skagen,14495.0,10146.0,30.0
27647,9,Watches,ted baker,12995.0,7797.0,40.0
27648,10,Watches,skagen,2638.2167045910855,9995.0,44.84758845312988
27649,11,Watches,timex,3095.0,2476.0,20.0
27650,12,Watches,fastrack,2638.2167045910855,2050.0,44.84758845312988
27651,13,Watches,titan,2638.2167045910855,7695.0,44.84758845312988
27652,14,Watches,giordano,9590.0,2877.0,70.0
27653,15,Watches,fastrack,2638.2167045910855,3195.0,44.84758845312988
27654,16,Watches,united colors of benetton,4995.0,2997.0,40.0
27655,17,Watches,skagen,2638.2167045910855,8995.0,44.84758845312988
27656,18,Watches,timex,5095.0,2547.0,50.0
27657,19,Watches,united colors of benetton,2995.0,1797.0,40.0
27658,20,Watches,guess,2638.2167045910855,8995.0,44.84758845312988
27659,21,Watches,casio,6995.0,4896.0,30.0
27661,23,Watches,casio,9295.0,6506.0,30.0
27662,24,Watches,just cavalli,23900.0,21510.0,10.0
27663,25,Watches,casio,7295.0,6565.0,10.0
27664,0,Watches,casio,3995.0,3595.0,10.0
27665,1,Watches,timex,5795.0,4636.0,20.0
27666,2,Watches,emporio armani,10995.0,6597.0,40.0
27667,3,Watches,armani exchange,2638.2167045910855,12995.0,44.84758845312988
27668,4,Watches,giordano,13590.0,5436.0,60.0
27669,5,Watches,anne klein,2638.2167045910855,14995.0,44.84758845312988
27670,6,Watches,casio,9995.0,6996.0,30.0
27671,7,Watches,tommy hilfiger,2638.2167045910855,6995.0,44.84758845312988
27672,8,Watches,casio,11995.0,8396.0,30.0
27673,9,Watches,skagen,2638.2167045910855,7995.0,44.84758845312988
27674,10,Watches,helix,2295.0,1377.0,40.0
27675,11,Watches,anne klein,2638.2167045910855,9499.0,44.84758845312988
27676,12,Watches,olivia burton,9995.0,5997.0,40.0
27677,13,Watches,fossil,2638.2167045910855,12495.0,44.84758845312988
27678,14,Watches,helix,2195.0,1756.0,20.0
27679,15,Watches,timex,8495.0,6796.0,20.0
27680,16,Watches,titan,2638.2167045910855,5645.0,44.84758845312988
27681,17,Watches,united colors of benetton,2995.0,1797.0,40.0
27682,18,Watches,fossil,2638.2167045910855,12495.0,44.84758845312988
27683,19,Watches,casio,8495.0,6796.0,20.0
27684,20,Watches,timex,4995.0,2997.0,40.0
27685,21,Watches,fossil,2638.2167045910855,9495.0,44.84758845312988
27687,23,Watches,helix,3195.0,2556.0,20.0
27688,24,Watches,coach,2638.2167045910855,14995.0,44.84758845312988
27689,25,Watches,casio,5495.0,4396.0,20.0
27690,0,Watches,giordano,4145.0,2072.0,50.0
27691,1,Watches,titan,2638.2167045910855,16690.0,44.84758845312988
27692,2,Watches,armani exchange,2638.2167045910855,10995.0,44.84758845312988
27693,3,Watches,tissot,2638.2167045910855,35000.0,44.84758845312988
27694,4,Watches,titan,6995.0,4197.0,40.0
27695,5,Watches,fastrack,2638.2167045910855,2295.0,44.84758845312988
27696,6,Watches,giordano,7450.0,3725.0,50.0
27697,7,Watches,titan,2638.2167045910855,16690.0,44.84758845312988
27698,8,Watches,giordano,9950.0,4975.0,50.0
27699,9,Watches,timex,4795.0,3836.0,20.0
27700,10,Watches,fossil,2638.2167045910855,12495.0,44.84758845312988
27701,11,Watches,titan,2638.2167045910855,9495.0,44.84758845312988
27702,12,Watches,just cavalli,17900.0,16110.0,10.0
27703,13,Watches,daniel wellington,2638.2167045910855,16999.0,44.84758845312988
27704,14,Watches,versace,2638.2167045910855,91900.0,44.84758845312988
27705,15,Watches,fossil,22995.0,18396.0,20.0
27706,16,Watches,timex,3995.0,3196.0,20.0
27707,17,Watches,fastrack,2638.2167045910855,2450.0,44.84758845312988
27708,18,Watches,fossil,2638.2167045910855,3695.0,44.84758845312988
27709,19,Watches,armani exchange,2638.2167045910855,12995.0,44.84758845312988
27710,20,Watches,michael kors,19995.0,13996.0,30.0
27711,21,Watches,casio,9995.0,6996.0,30.0
27713,23,Watches,timex,4795.0,3836.0,20.0
27714,24,Watches,fossil,2638.2167045910855,10995.0,44.84758845312988
27715,25,Watches,fastrack,2638.2167045910855,1495.0,44.84758845312988
27716,0,Watches,casio,9995.0,6996.0,30.0
27717,1,Watches,swiss eagle,8998.0,5398.0,40.0
27718,2,Watches,just cavalli,20900.0,18810.0,10.0
27719,3,Watches,timex,14995.0,7497.0,50.0
27720,4,Watches,emporio armani,2638.2167045910855,24295.0,44.84758845312988
27721,5,Watches,michael kors,2638.2167045910855,13495.0,44.84758845312988
27722,6,Watches,casio,5795.0,4056.0,30.0
27723,7,Watches,titan,2638.2167045910855,3995.0,44.84758845312988
27724,8,Watches,lamex,2638.2167045910855,1899.0,44.84758845312988
27725,9,Watches,timex,2638.2167045910855,3595.0,44.84758845312988
27726,10,Watches,daniel wellington,2638.2167045910855,16999.0,44.84758845312988
27727,11,Watches,giordano,3995.0,1997.0,50.0
27728,12,Watches,anne klein,2638.2167045910855,10999.0,44.84758845312988
27729,13,Watches,casio,9295.0,8365.0,10.0
27730,14,Watches,xylys,2638.2167045910855,16900.0,44.84758845312988
27731,15,Watches,giordano,7790.0,3895.0,50.0
27732,16,Watches,casio,4395.0,3076.0,30.0
27733,17,Watches,michael kors,2638.2167045910855,16995.0,44.84758845312988
27734,18,Watches,casio,4395.0,3076.0,30.0
27735,19,Watches,skagen,5795.0,4056.0,30.0
27736,20,Watches,giordano,7990.0,3995.0,50.0
27737,21,Watches,emporio armani,25995.0,18196.0,30.0
27739,23,Watches,skagen,2638.2167045910855,8995.0,44.84758845312988
27740,24,Watches,tommy hilfiger,11500.0,9200.0,20.0
27741,25,Watches,kenneth cole,8495.0,5097.0,40.0
27742,0,Watches,fossil,2638.2167045910855,11995.0,44.84758845312988
27743,1,Watches,kenneth cole,9095.0,6366.0,30.0
27744,2,Watches,olivia burton,16500.0,9900.0,40.0
27745,3,Watches,helix,1995.0,1197.0,40.0
27746,4,Watches,timex,3395.0,2716.0,20.0
27747,5,Watches,timex,4495.0,2697.0,40.0
27748,6,Watches,titan,2638.2167045910855,7190.0,44.84758845312988
27749,7,Watches,giordano,13790.0,5516.0,60.0
27750,8,Watches,emporio armani,2638.2167045910855,33495.0,44.84758845312988
27751,9,Watches,michael kors,2638.2167045910855,12995.0,44.84758845312988
27752,10,Watches,strand by obaku,6995.0,6295.0,10.0
27753,11,Watches,fastrack,2638.2167045910855,2295.0,44.84758845312988
27754,12,Watches,giordano,11290.0,5645.0,50.0
27755,13,Watches,emporio armani,29995.0,23996.0,20.0
27756,14,Watches,esprit,8990.0,6742.0,25.0
27757,15,Watches,kenneth cole,8995.0,7196.0,20.0
27758,16,Watches,timex,4195.0,3356.0,20.0
27759,17,Watches,ted baker,17995.0,10797.0,40.0
27760,18,Watches,fastrack,2638.2167045910855,1495.0,44.84758845312988
27761,19,Watches,versus,14490.0,8694.0,40.0
27762,20,Watches,giordano,3790.0,2653.0,30.0
27763,21,Watches,casio,14495.0,10146.0,30.0
27765,23,Watches,fossil,9495.0,7596.0,20.0
27766,24,Watches,helix,1395.0,1116.0,20.0
27767,25,Watches,anne klein,2638.2167045910855,7495.0,44.84758845312988
27768,0,Watches,casio,3495.0,2446.0,30.0
27769,1,Watches,strand by obaku,4995.0,4495.0,10.0
27770,2,Watches,armani exchange,12995.0,10396.0,20.0
27771,3,Watches,coach,20995.0,14696.0,30.0
27772,4,Watches,fossil,22995.0,18396.0,20.0
27773,5,Watches,fossil,2638.2167045910855,10995.0,44.84758845312988
27774,6,Watches,fossil,19495.0,15596.0,20.0
27775,7,Watches,esprit,9990.0,7492.0,25.0
27776,8,Watches,fjord,7790.0,3116.0,60.0
27777,9,Watches,titan,2638.2167045910855,7990.0,44.84758845312988
27778,10,Watches,michael kors,2638.2167045910855,29995.0,44.84758845312988
27779,11,Watches,anne klein,9499.0,5699.0,40.0
27780,12,Watches,casio,6995.0,4896.0,30.0
27781,13,Watches,fossil,2638.2167045910855,8995.0,44.84758845312988
27782,14,Watches,titan,2638.2167045910855,5795.0,44.84758845312988
27783,15,Watches,giordano,9990.0,2997.0,70.0
27784,16,Watches,daniel wellington,2638.2167045910855,15499.0,44.84758845312988
27785,17,Watches,timex,2695.0,2156.0,20.0
27786,18,Watches,timex,3295.0,2636.0,20.0
27787,19,Watches,casio,7295.0,5106.0,30.0
27788,20,Watches,lamex,2638.2167045910855,1499.0,44.84758845312988
27789,21,Watches,michael kors,2638.2167045910855,16995.0,44.84758845312988
27791,23,Watches,michael kors,2638.2167045910855,17495.0,44.84758845312988
27792,24,Watches,timex,6195.0,3717.0,40.0
27793,25,Watches,olivia burton,8499.0,5099.0,40.0
27794,0,Watches,emporio armani,29995.0,20996.0,30.0
27795,1,Watches,helix,1595.0,957.0,40.0
27796,2,Watches,police,8595.0,5157.0,40.0
27797,3,Watches,giordano,11990.0,5995.0,50.0
27798,4,Watches,esprit,7200.0,5400.0,25.0
27799,5,Watches,titan,2638.2167045910855,1995.0,44.84758845312988
27800,6,Watches,titan,2638.2167045910855,4395.0,44.84758845312988
27801,7,Watches,titan,2638.2167045910855,3495.0,44.84758845312988
27802,8,Watches,casio,11995.0,8396.0,30.0
27803,9,Watches,michael kors,19995.0,13996.0,30.0
27804,10,Watches,ted baker,12395.0,9916.0,20.0
27805,11,Watches,anne klein,2638.2167045910855,10995.0,44.84758845312988
27806,12,Watches,casio,5495.0,3846.0,30.0
27807,13,Watches,casio,14495.0,10146.0,30.0
27808,14,Watches,coach,21500.0,10750.0,50.0
27809,15,Watches,giordano,4290.0,3003.0,30.0
27810,16,Watches,giordano,3990.0,2793.0,30.0
27811,17,Watches,skagen,2638.2167045910855,11995.0,44.84758845312988
27812,18,Watches,armani exchange,2638.2167045910855,10995.0,44.84758845312988
27813,19,Watches,skagen,2638.2167045910855,8795.0,44.84758845312988
27814,20,Watches,giordano,4690.0,2345.0,50.0
27815,21,Watches,titan,2638.2167045910855,3495.0,44.84758845312988
27817,23,Watches,fastrack,2638.2167045910855,2195.0,44.84758845312988
27818,24,Watches,casio,7295.0,6565.0,10.0
27819,25,Watches,titan,2638.2167045910855,5795.0,44.84758845312988
27820,0,Watches,fastrack,2638.2167045910855,1750.0,44.84758845312988
27821,1,Watches,emporio armani,2638.2167045910855,24495.0,44.84758845312988
27822,2,Watches,timex,7495.0,5996.0,20.0
27823,3,Watches,fastrack,2638.2167045910855,2595.0,44.84758845312988
27824,4,Watches,giordano,2638.2167045910855,2490.0,44.84758845312988
27825,5,Watches,michael kors,2638.2167045910855,14995.0,44.84758845312988
27826,6,Watches,casio,9295.0,8365.0,10.0
27827,7,Watches,strand by obaku,4995.0,3996.0,20.0
27828,8,Watches,titan,2638.2167045910855,7490.0,44.84758845312988
27829,9,Watches,fastrack,2638.2167045910855,1850.0,44.84758845312988
27830,10,Watches,just cavalli,19900.0,17910.0,10.0
27831,11,Watches,fossil,2638.2167045910855,12495.0,44.84758845312988
27832,12,Watches,armani exchange,9995.0,7996.0,20.0
27833,13,Watches,casio,3295.0,2636.0,20.0
27834,14,Watches,michael kors,2638.2167045910855,21995.0,44.84758845312988
27835,15,Watches,esprit,9900.0,7425.0,25.0
27836,16,Watches,michael kors,2638.2167045910855,18495.0,44.84758845312988
27837,17,Watches,fossil,2638.2167045910855,12495.0,44.84758845312988
27838,18,Watches,casio,7995.0,5596.0,30.0
27839,19,Watches,anne klein,11995.0,8396.0,30.0
27840,20,Watches,esprit,7500.0,5625.0,25.0
27841,21,Watches,giordano,9990.0,3996.0,60.0
27843,23,Watches,michael kors,2638.2167045910855,18495.0,44.84758845312988
27844,24,Watches,versace,2638.2167045910855,48500.0,44.84758845312988
27845,25,Watches,timex,5695.0,4556.0,20.0
27846,0,Watches,giordano,13790.0,6895.0,50.0
27847,1,Watches,casio,7995.0,5596.0,30.0
27848,2,Watches,armani exchange,2638.2167045910855,12995.0,44.84758845312988
27849,3,Watches,anne klein,9499.0,6649.0,30.0
27850,4,Watches,anne klein,6499.0,3899.0,40.0
27851,5,Watches,anne klein,2638.2167045910855,7250.0,44.84758845312988
27852,6,Watches,citizen,2638.2167045910855,10300.0,44.84758845312988
27853,7,Watches,armani exchange,2638.2167045910855,10995.0,44.84758845312988
27854,8,Watches,timex,5795.0,4636.0,20.0
27855,9,Watches,fossil,2638.2167045910855,6995.0,44.84758845312988
27856,10,Watches,giordano,8990.0,2697.0,70.0
27857,11,Watches,daniel wellington,2638.2167045910855,16999.0,44.84758845312988
27858,12,Watches,giordano,4590.0,2295.0,50.0
27859,13,Watches,ted baker,16495.0,9897.0,40.0
27860,14,Watches,casio,3795.0,3036.0,20.0
27861,15,Watches,fastrack,2638.2167045910855,2495.0,44.84758845312988
27862,16,Watches,esprit,9700.0,7275.0,25.0
27863,17,Watches,michael kors,2638.2167045910855,21995.0,44.84758845312988
27864,18,Watches,fjord,6790.0,2716.0,60.0
27865,19,Watches,timex,4595.0,3676.0,20.0
27866,20,Watches,esprit,9900.0,7425.0,25.0
27867,21,Watches,casio,10995.0,7696.0,30.0
27869,23,Watches,timex,4995.0,3996.0,20.0
27870,24,Watches,titan,2638.2167045910855,4495.0,44.84758845312988
27871,25,Watches,titan wearables,11995.0,7995.0,33.0
27872,0,Watches,tissot,2638.2167045910855,23000.0,44.84758845312988
27873,1,Watches,titan,2638.2167045910855,4195.0,44.84758845312988
27874,2,Watches,esprit,8300.0,6225.0,25.0
27875,3,Watches,casio,9995.0,8995.0,10.0
27876,4,Watches,olivia burton,11500.0,6900.0,40.0
27877,5,Watches,casio,9995.0,6996.0,30.0
27878,6,Watches,guess,2638.2167045910855,7995.0,44.84758845312988
27879,7,Watches,guess,2638.2167045910855,10995.0,44.84758845312988
27880,8,Watches,lamex,2638.2167045910855,1200.0,44.84758845312988
27881,9,Watches,guess,2638.2167045910855,13295.0,44.84758845312988
27882,10,Watches,strand by obaku,4495.0,3596.0,20.0
27883,11,Watches,casio,7995.0,5596.0,30.0
27884,12,Watches,fossil,2638.2167045910855,9995.0,44.84758845312988
27885,13,Watches,giordano,11990.0,5995.0,50.0
27886,14,Watches,just cavalli,13900.0,12510.0,10.0
27887,15,Watches,michael kors,2638.2167045910855,21995.0,44.84758845312988
27888,16,Watches,daniel wellington,13999.0,6999.0,50.0
27889,17,Watches,casio,7995.0,5596.0,30.0
27890,18,Watches,ted baker,14495.0,11596.0,20.0
27891,19,Watches,titan,2638.2167045910855,8995.0,44.84758845312988
27892,20,Watches,fossil,2638.2167045910855,9495.0,44.84758845312988
27893,21,Watches,fossil,2638.2167045910855,8995.0,44.84758845312988
27895,23,Watches,diesel,2638.2167045910855,7495.0,44.84758845312988
27896,24,Watches,fastrack,2638.2167045910855,1995.0,44.84758845312988
27897,25,Watches,fastrack,2638.2167045910855,2195.0,44.84758845312988
27898,0,Watches,guess,2638.2167045910855,16995.0,44.84758845312988
27899,1,Watches,xylys,2638.2167045910855,17750.0,44.84758845312988
27900,2,Watches,titan,2638.2167045910855,11495.0,44.84758845312988
27901,3,Watches,michael kors,2638.2167045910855,21995.0,44.84758845312988
27902,4,Watches,giordano,12390.0,6195.0,50.0
27903,5,Watches,michael kors,2638.2167045910855,24495.0,44.84758845312988
27904,6,Watches,kenneth cole,8795.0,5277.0,40.0
27905,7,Watches,coach,2638.2167045910855,21995.0,44.84758845312988
27906,8,Watches,fastrack,2638.2167045910855,1550.0,44.84758845312988
27907,9,Watches,emporio armani,2638.2167045910855,25995.0,44.84758845312988
27908,10,Watches,giordano,3990.0,2793.0,30.0
27909,11,Watches,helix,2195.0,1756.0,20.0
27910,12,Watches,fossil,2638.2167045910855,16995.0,44.84758845312988
27911,13,Watches,titan,2638.2167045910855,9640.0,44.84758845312988
27912,14,Watches,versace,2638.2167045910855,36900.0,44.84758845312988
27913,15,Watches,titan,6495.0,3247.0,50.0
27914,16,Watches,fastrack,2638.2167045910855,2795.0,44.84758845312988
27915,17,Watches,fossil,16495.0,13196.0,20.0
27916,18,Watches,casio,6495.0,4546.0,30.0
27918,20,Watches,timex,4495.0,2697.0,40.0
27919,21,Watches,united colors of benetton,5995.0,3597.0,40.0
27921,23,Watches,fastrack,2638.2167045910855,2395.0,44.84758845312988
27922,24,Watches,titan,2638.2167045910855,5145.0,44.84758845312988
27923,25,Watches,daniel wellington,2638.2167045910855,19799.0,44.84758845312988
27924,0,Watches,casio,3495.0,2446.0,30.0
27925,1,Watches,titan,2638.2167045910855,8995.0,44.84758845312988
27926,2,Watches,casio,8795.0,7915.0,10.0
27927,3,Watches,versace,2638.2167045910855,99100.0,44.84758845312988
27928,4,Watches,helix,2995.0,1797.0,40.0
27929,5,Watches,amazfit,2638.2167045910855,3499.0,44.84758845312988
27930,6,Watches,emporio armani,2638.2167045910855,29995.0,44.84758845312988
27931,7,Watches,united colors of benetton,3795.0,2277.0,40.0
27932,8,Watches,titan,2638.2167045910855,9495.0,44.84758845312988
27933,9,Watches,daniel wellington,2638.2167045910855,15499.0,44.84758845312988
27934,10,Watches,casio,4995.0,3496.0,30.0
27935,11,Watches,casio,8795.0,6156.0,30.0
27936,12,Watches,casio,5495.0,3846.0,30.0
27937,13,Watches,fossil,2638.2167045910855,2295.0,44.84758845312988
27938,14,Watches,esprit,8500.0,6375.0,25.0
27939,15,Watches,casio,5495.0,3846.0,30.0
27940,16,Watches,skagen,2638.2167045910855,9995.0,44.84758845312988
27941,17,Watches,fossil,9495.0,5697.0,40.0
27942,18,Watches,casio,2995.0,2096.0,30.0
27943,19,Watches,coach,22995.0,18396.0,20.0
27944,20,Watches,giordano,10990.0,4396.0,60.0
27945,21,Watches,kenneth cole,7995.0,5596.0,30.0
27947,23,Watches,kenneth cole,11795.0,8256.0,30.0
27948,24,Watches,kenneth cole,11395.0,7976.0,30.0
27949,25,Watches,just cavalli,10200.0,9180.0,10.0
27950,0,Watches,anne klein,10999.0,6599.0,40.0
27951,1,Watches,giordano,5990.0,4193.0,30.0
27952,2,Watches,strand by obaku,4995.0,4495.0,10.0
27953,3,Watches,emporio armani,10995.0,6597.0,40.0
27954,4,Watches,anne klein,7250.0,4350.0,40.0
27955,5,Watches,emporio armani,24495.0,17146.0,30.0
27956,6,Watches,tommy hilfiger,2638.2167045910855,10495.0,44.84758845312988
27957,7,Watches,titan,2638.2167045910855,16795.0,44.84758845312988
27958,8,Watches,swiss eagle,8775.0,5265.0,40.0
27959,9,Watches,giordano,4590.0,2295.0,50.0
27960,10,Watches,casio,7195.0,5756.0,20.0
27961,11,Watches,titan,2638.2167045910855,4495.0,44.84758845312988
27962,12,Watches,esprit,8900.0,6675.0,25.0
27963,13,Watches,daniel wellington,2638.2167045910855,17599.0,44.84758845312988
27964,14,Watches,anne klein,2638.2167045910855,11700.0,44.84758845312988
27965,15,Watches,giordano,4890.0,2445.0,50.0
27966,16,Watches,fastrack,2638.2167045910855,1795.0,44.84758845312988
27967,17,Watches,fossil,9495.0,7596.0,20.0
27968,18,Watches,timex,5995.0,2997.0,50.0
27969,19,Watches,swiss eagle,8975.0,5385.0,40.0
27970,20,Watches,michael kors,2638.2167045910855,25995.0,44.84758845312988
27971,21,Watches,versus,13995.0,9796.0,30.0
27973,23,Watches,michael kors,2638.2167045910855,18495.0,44.84758845312988
27974,24,Watches,michael kors,2638.2167045910855,24495.0,44.84758845312988
27975,25,Watches,fastrack,2638.2167045910855,3050.0,44.84758845312988
27976,0,Watches,giordano,10990.0,5495.0,50.0
27977,1,Watches,daniel wellington,14799.0,7399.0,50.0
27978,2,Watches,armani exchange,10995.0,7696.0,30.0
27979,3,Watches,versus,2638.2167045910855,18995.0,44.84758845312988
27980,4,Watches,versus,2638.2167045910855,18995.0,44.84758845312988
27981,5,Watches,timex,6645.0,3987.0,40.0
27982,6,Watches,giordano,3990.0,2793.0,30.0
27983,7,Watches,titan,2638.2167045910855,19390.0,44.84758845312988
27984,8,Watches,fossil,6995.0,5596.0,20.0
27985,9,Watches,titan,2638.2167045910855,7995.0,44.84758845312988
27986,10,Watches,fastrack,2638.2167045910855,2550.0,44.84758845312988
27987,11,Watches,fossil,2638.2167045910855,8995.0,44.84758845312988
27988,12,Watches,esprit,6990.0,5242.0,25.0
27989,13,Watches,casio,5495.0,4396.0,20.0
27990,14,Watches,giordano,3990.0,2793.0,30.0
27991,15,Watches,esprit,8990.0,6742.0,25.0
27992,16,Watches,timex,5495.0,4396.0,20.0
27993,17,Watches,timex,6295.0,5036.0,20.0
27994,18,Watches,titan,2638.2167045910855,6990.0,44.84758845312988
27995,19,Watches,giordano,11990.0,4796.0,60.0
27996,20,Watches,kenneth cole,11295.0,6777.0,40.0
27997,21,Watches,fastrack,2638.2167045910855,1795.0,44.84758845312988
27999,23,Watches,fastrack,2638.2167045910855,1850.0,44.84758845312988
28000,24,Watches,timex,5995.0,4796.0,20.0
28001,25,Watches,casio,2638.2167045910855,7295.0,44.84758845312988
28002,0,Watches,elle,6995.0,2798.0,60.0
28003,1,Watches,kenneth cole,11500.0,8050.0,30.0
28004,2,Watches,michael kors,2638.2167045910855,24495.0,44.84758845312988
28005,3,Watches,timex,3495.0,2796.0,20.0
28006,4,Watches,kenneth cole,2638.2167045910855,11495.0,44.84758845312988
28007,5,Watches,coach,2638.2167045910855,11995.0,44.84758845312988
28008,6,Watches,emporio armani,17295.0,10377.0,40.0
28009,7,Watches,giordano,8590.0,3436.0,60.0
28010,8,Watches,casio,9995.0,6996.0,30.0
28011,9,Watches,esprit,8900.0,6675.0,25.0
28012,10,Watches,anne klein,2638.2167045910855,9250.0,44.84758845312988
28013,11,Watches,kenneth cole,10395.0,7276.0,30.0
28014,12,Watches,kenneth cole,7695.0,5386.0,30.0
28015,13,Watches,anne klein,11700.0,8190.0,30.0
28016,14,Watches,casio,6995.0,6295.0,10.0
28017,15,Watches,fastrack,2638.2167045910855,3895.0,44.84758845312988
28018,16,Watches,guess,2638.2167045910855,8495.0,44.84758845312988
28019,17,Watches,michael kors,2638.2167045910855,18495.0,44.84758845312988
28020,18,Watches,fastrack,2638.2167045910855,1950.0,44.84758845312988
28021,19,Watches,titan,2638.2167045910855,2995.0,44.84758845312988
28022,20,Watches,versus,2638.2167045910855,16995.0,44.84758845312988
28023,21,Watches,anne klein,2638.2167045910855,11995.0,44.84758845312988
28025,23,Watches,fossil,2638.2167045910855,11995.0,44.84758845312988
28026,24,Watches,titan,2638.2167045910855,4995.0,44.84758845312988
28027,25,Watches,fastrack,2638.2167045910855,1895.0,44.84758845312988
28028,0,Watches,timex,4995.0,3996.0,20.0
28029,1,Watches,giordano,4995.0,2997.0,40.0
28030,2,Watches,daniel wellington,2638.2167045910855,16999.0,44.84758845312988
28031,3,Watches,versus,2638.2167045910855,17995.0,44.84758845312988
28032,4,Watches,casio,7995.0,7195.0,10.0
28033,5,Watches,fastrack,2638.2167045910855,2095.0,44.84758845312988
28034,6,Watches,strand by obaku,5995.0,5395.0,10.0
28035,7,Watches,helix,2395.0,1437.0,40.0
28036,8,Watches,daniel wellington,16199.0,8099.0,50.0
28037,9,Watches,casio,5495.0,3846.0,30.0
28038,10,Watches,fjord,6390.0,2556.0,60.0
28039,11,Watches,kenneth cole,9995.0,5997.0,40.0
28040,12,Watches,guess,2638.2167045910855,13295.0,44.84758845312988
28041,13,Watches,fossil,2638.2167045910855,10995.0,44.84758845312988
28042,14,Watches,fossil,2638.2167045910855,9995.0,44.84758845312988
28043,15,Watches,emporio armani,29995.0,23996.0,20.0
28044,16,Watches,giordano,10590.0,5295.0,50.0
28045,17,Watches,helix,2895.0,2316.0,20.0
28046,18,Watches,guess,2638.2167045910855,18995.0,44.84758845312988
28047,19,Watches,fastrack,2638.2167045910855,2495.0,44.84758845312988
28048,20,Watches,lamex,2638.2167045910855,1499.0,44.84758845312988
28049,21,Watches,timex,2638.2167045910855,3795.0,44.84758845312988
28051,23,Watches,giordano,5995.0,3597.0,40.0
28052,24,Watches,daniel wellington,12699.0,6349.0,50.0
28053,25,Watches,united colors of benetton,2995.0,1797.0,40.0
28054,0,Watches,timex,5795.0,3477.0,40.0
28055,1,Watches,casio,8795.0,7915.0,10.0
28056,2,Watches,timex,8495.0,6796.0,20.0
28057,3,Watches,casio,6595.0,4616.0,30.0
28058,4,Watches,fjord,8790.0,3516.0,60.0
28059,5,Watches,casio,7295.0,6565.0,10.0
28060,6,Watches,elle,5495.0,2198.0,60.0
28061,7,Watches,anne klein,7250.0,4350.0,40.0
28062,8,Watches,casio,4395.0,3076.0,30.0
28063,9,Watches,just cavalli,19900.0,17910.0,10.0
28064,10,Watches,timex,4195.0,3356.0,20.0
28065,11,Watches,fastrack,2638.2167045910855,1550.0,44.84758845312988
28066,12,Watches,tommy hilfiger,2638.2167045910855,11995.0,44.84758845312988
28067,13,Watches,casio,9995.0,7996.0,20.0
28068,14,Watches,timex,5845.0,3507.0,40.0
28069,15,Watches,esprit,8600.0,6450.0,25.0
28070,16,Watches,fjord,6990.0,2796.0,60.0
28071,17,Watches,daniel wellington,14799.0,7399.0,50.0
28072,18,Watches,kenneth cole,9595.0,5757.0,40.0
28073,19,Watches,fossil,2638.2167045910855,9995.0,44.84758845312988
28074,20,Watches,timex,6295.0,3147.0,50.0
28075,21,Watches,fossil,2638.2167045910855,11995.0,44.84758845312988
28077,23,Watches,strand by obaku,4495.0,4045.0,10.0
28078,24,Watches,giordano,13590.0,5436.0,60.0
28079,25,Watches,esprit,6990.0,5242.0,25.0
28080,0,Watches,lamex,2638.2167045910855,1399.0,44.84758845312988
28081,1,Watches,giordano,13990.0,6995.0,50.0
28082,2,Watches,giordano,7990.0,3995.0,50.0
28083,3,Watches,anne klein,6499.0,3899.0,40.0
28084,4,Watches,giordano,7950.0,3180.0,60.0
28085,5,Watches,daniel wellington,2638.2167045910855,21199.0,44.84758845312988
28086,6,Watches,timex,4795.0,3836.0,20.0
28087,7,Watches,casio,3795.0,3036.0,20.0
28088,8,Watches,titan,2638.2167045910855,6295.0,44.84758845312988
28089,9,Watches,kenneth cole,2638.2167045910855,16995.0,44.84758845312988
28090,10,Watches,giordano,2638.2167045910855,5795.0,44.84758845312988
28091,11,Watches,emporio armani,2638.2167045910855,36995.0,44.84758845312988
28092,12,Watches,giordano,5995.0,3597.0,40.0
28093,13,Watches,armani exchange,2638.2167045910855,13495.0,44.84758845312988
28094,14,Watches,titan,2638.2167045910855,4495.0,44.84758845312988
28095,15,Watches,titan,2638.2167045910855,9795.0,44.84758845312988
28096,16,Watches,anne klein,2638.2167045910855,6250.0,44.84758845312988
28097,17,Watches,giordano,13590.0,6795.0,50.0
28098,18,Watches,fastrack,2638.2167045910855,1695.0,44.84758845312988
28099,19,Watches,fastrack,2638.2167045910855,1995.0,44.84758845312988
28100,20,Watches,guess,2638.2167045910855,11495.0,44.84758845312988
28101,21,Watches,casio,8795.0,6156.0,30.0
28103,23,Watches,titan,2638.2167045910855,9995.0,44.84758845312988
28104,24,Watches,guess,2638.2167045910855,14995.0,44.84758845312988
28105,25,Watches,daniel wellington,12699.0,6349.0,50.0
28106,0,Watches,michael kors,2638.2167045910855,14995.0,44.84758845312988
28107,1,Watches,giordano,11990.0,5995.0,50.0
28108,2,Watches,fastrack,2638.2167045910855,1495.0,44.84758845312988
28109,3,Watches,giordano,4290.0,3003.0,30.0
28110,4,Watches,giordano,11790.0,5895.0,50.0
28111,5,Watches,fastrack,2638.2167045910855,2195.0,44.84758845312988
28112,6,Watches,casio,10995.0,7696.0,30.0
28113,7,Watches,tissot,2638.2167045910855,36000.0,44.84758845312988
28114,8,Watches,tissot,2638.2167045910855,27500.0,44.84758845312988
28115,9,Watches,fastrack,2638.2167045910855,4750.0,44.84758845312988
28116,10,Watches,timex,2495.0,1497.0,40.0
28117,11,Watches,armani exchange,13995.0,11196.0,20.0
28118,12,Watches,elle,9995.0,4997.0,50.0
28119,13,Watches,fjord,7290.0,2916.0,60.0
28120,14,Watches,elle,7995.0,3997.0,50.0
28121,15,Watches,casio,9995.0,6996.0,30.0
28122,16,Watches,michael kors,2638.2167045910855,21995.0,44.84758845312988
28123,17,Watches,tommy hilfiger,2638.2167045910855,10495.0,44.84758845312988
28124,18,Watches,giordano,3995.0,1997.0,50.0
28125,19,Watches,emporio armani,2638.2167045910855,19795.0,44.84758845312988
28126,20,Watches,elle,5495.0,2198.0,60.0
28127,21,Watches,michael kors,2638.2167045910855,24495.0,44.84758845312988
28129,23,Watches,skagen,2638.2167045910855,9995.0,44.84758845312988
28130,24,Watches,esprit,8700.0,6525.0,25.0
28131,25,Watches,fossil,2638.2167045910855,9995.0,44.84758845312988
28132,0,Watches,timex,4995.0,2997.0,40.0
28133,1,Watches,anne klein,9499.0,5699.0,40.0
28134,2,Watches,armani exchange,2638.2167045910855,12995.0,44.84758845312988
28135,3,Watches,casio,9995.0,8995.0,10.0
28136,4,Watches,tommy hilfiger,2638.2167045910855,10495.0,44.84758845312988
28137,5,Watches,esprit,8900.0,6675.0,25.0
28138,6,Watches,giordano,8990.0,6293.0,30.0
28139,7,Watches,giordano,10990.0,4396.0,60.0
28140,8,Watches,swiss eagle,7975.0,4785.0,40.0
28141,9,Watches,fastrack,2638.2167045910855,1850.0,44.84758845312988
28142,10,Watches,fossil,2638.2167045910855,18495.0,44.84758845312988
28143,11,Watches,kenneth cole,11795.0,8256.0,30.0
28144,12,Watches,just cavalli,14900.0,13410.0,10.0
28145,13,Watches,anne klein,2638.2167045910855,5850.0,44.84758845312988
28146,14,Watches,just cavalli,23900.0,21510.0,10.0
28147,15,Watches,giordano,11590.0,5795.0,50.0
28148,16,Watches,helix,1645.0,987.0,40.0
28149,17,Watches,daniel wellington,2638.2167045910855,17599.0,44.84758845312988
28150,18,Watches,michael kors,2638.2167045910855,21995.0,44.84758845312988
28151,19,Watches,titan,2638.2167045910855,2895.0,44.84758845312988
28152,20,Watches,casio,2638.2167045910855,6795.0,44.84758845312988
28153,21,Watches,fastrack,2638.2167045910855,2195.0,44.84758845312988
28155,23,Watches,daniel wellington,2638.2167045910855,13399.0,44.84758845312988
28156,24,Watches,armani exchange,2638.2167045910855,13995.0,44.84758845312988
28157,25,Watches,anne klein,12499.0,7499.0,40.0
28158,0,Watches,titan,2638.2167045910855,8795.0,44.84758845312988
28159,1,Watches,kenneth cole,10395.0,7276.0,30.0
28160,2,Watches,timex,3495.0,2796.0,20.0
28161,3,Watches,esprit,9900.0,7425.0,25.0
28162,4,Watches,giordano,9450.0,3780.0,60.0
28163,5,Watches,swiss eagle,22500.0,6750.0,70.0
28164,6,Watches,elle,6995.0,3497.0,50.0
28165,7,Watches,titan,2638.2167045910855,15995.0,44.84758845312988
28166,8,Watches,coach,22995.0,13797.0,40.0
28167,9,Watches,esprit,8900.0,6675.0,25.0
28168,10,Watches,versace,2638.2167045910855,91100.0,44.84758845312988
28169,11,Watches,casio,9995.0,7996.0,20.0
28170,12,Watches,fastrack,2638.2167045910855,2095.0,44.84758845312988
28171,13,Watches,fastrack,2638.2167045910855,3250.0,44.84758845312988
28172,14,Watches,helix,2245.0,1796.0,20.0
28173,15,Watches,giordano,12250.0,3675.0,70.0
28174,16,Watches,fossil,16495.0,13196.0,20.0
28175,17,Watches,kenneth cole,2638.2167045910855,9995.0,44.84758845312988
28176,18,Watches,kenneth cole,9995.0,5997.0,40.0
28177,19,Watches,tommy hilfiger,2638.2167045910855,13500.0,44.84758845312988
28178,20,Watches,skagen,2638.2167045910855,8995.0,44.84758845312988
28179,21,Watches,casio,7995.0,7195.0,10.0
28181,23,Watches,anne klein,10750.0,6450.0,40.0
28182,24,Watches,timex,6495.0,3897.0,40.0
28183,25,Watches,fastrack,2638.2167045910855,2695.0,44.84758845312988
28184,0,Watches,fossil,2638.2167045910855,9995.0,44.84758845312988
28185,1,Watches,timex,4695.0,3756.0,20.0
28186,2,Watches,titan,2638.2167045910855,29995.0,44.84758845312988
28187,3,Watches,timex,4795.0,2397.0,50.0
28188,4,Watches,swiss eagle,7975.0,4785.0,40.0
28189,5,Watches,guess,2638.2167045910855,10495.0,44.84758845312988
28190,6,Watches,daniel wellington,2638.2167045910855,19799.0,44.84758845312988
28191,7,Watches,fastrack,2638.2167045910855,2895.0,44.84758845312988
28192,8,Watches,casio,10495.0,7346.0,30.0
28193,9,Watches,fossil,2638.2167045910855,12495.0,44.84758845312988
28194,10,Watches,daniel wellington,2638.2167045910855,2799.0,44.84758845312988
28195,11,Watches,giordano,4290.0,3003.0,30.0
28196,12,Watches,giordano,11990.0,5995.0,50.0
28197,13,Watches,timex,7995.0,4797.0,40.0
28198,14,Watches,furla,14995.0,8997.0,40.0
28199,15,Watches,strand by obaku,5995.0,4796.0,20.0
28200,16,Watches,esprit,9700.0,7275.0,25.0
28201,17,Watches,titan,2638.2167045910855,2995.0,44.84758845312988
28202,18,Watches,casio,7495.0,5246.0,30.0
28203,19,Watches,titan,2638.2167045910855,6695.0,44.84758845312988
28204,20,Watches,strand by obaku,4995.0,3996.0,20.0
28205,21,Watches,casio,14495.0,13045.0,10.0
28207,23,Watches,skagen,10995.0,7696.0,30.0
28208,24,Watches,casio,8795.0,6156.0,30.0
28209,25,Watches,fastrack,2638.2167045910855,2595.0,44.84758845312988
28210,0,Watches,giordano,11990.0,5995.0,50.0
28211,1,Watches,fossil,14995.0,11996.0,20.0
28212,2,Watches,fastrack,2638.2167045910855,2595.0,44.84758845312988
28213,3,Watches,giordano,4990.0,2495.0,50.0
28214,4,Watches,casio,9295.0,8365.0,10.0
28215,5,Watches,titan,2638.2167045910855,5795.0,44.84758845312988
28216,6,Watches,fastrack,2638.2167045910855,2495.0,44.84758845312988
28217,7,Watches,casio,8495.0,7645.0,10.0
28218,8,Watches,kenneth cole,11595.0,6957.0,40.0
28219,9,Watches,daniel wellington,16999.0,8499.0,50.0
28220,10,Watches,giordano,12990.0,5196.0,60.0
28221,11,Watches,anne klein,7250.0,5075.0,30.0
28222,12,Watches,tissot,2638.2167045910855,37500.0,44.84758845312988
28223,13,Watches,timex,2695.0,2156.0,20.0
28224,14,Watches,fastrack,2638.2167045910855,2950.0,44.84758845312988
28225,15,Watches,helix,2295.0,1836.0,20.0
28226,16,Watches,daniel wellington,2638.2167045910855,16199.0,44.84758845312988
28227,17,Watches,fastrack,2638.2167045910855,3050.0,44.84758845312988
28228,18,Watches,casio,12995.0,11695.0,10.0
28229,19,Watches,zoop,2638.2167045910855,995.0,44.84758845312988
28230,20,Watches,michael kors,2638.2167045910855,18495.0,44.84758845312988
28231,21,Watches,emporio armani,2638.2167045910855,27995.0,44.84758845312988
28233,23,Watches,daniel wellington,2638.2167045910855,14799.0,44.84758845312988
28234,24,Watches,timex,2638.2167045910855,4495.0,44.84758845312988
28235,25,Watches,timex,4695.0,3756.0,20.0
28236,0,Watches,titan,2638.2167045910855,5095.0,44.84758845312988
28237,1,Watches,titan,2638.2167045910855,8595.0,44.84758845312988
28238,2,Watches,esprit,8500.0,6375.0,25.0
28239,3,Watches,guess,2638.2167045910855,11995.0,44.84758845312988
28240,4,Watches,daniel wellington,2638.2167045910855,13399.0,44.84758845312988
28241,5,Watches,timex,2645.0,2116.0,20.0
28242,6,Watches,titan,2638.2167045910855,8995.0,44.84758845312988
28243,7,Watches,just cavalli,19500.0,17550.0,10.0
28244,8,Watches,tommy hilfiger,2638.2167045910855,14250.0,44.84758845312988
28245,9,Watches,strand by obaku,4995.0,3996.0,20.0
28246,10,Watches,giordano,2638.2167045910855,4290.0,44.84758845312988
28247,11,Watches,casio,8795.0,7915.0,10.0
28248,12,Watches,fastrack,2638.2167045910855,2195.0,44.84758845312988
28249,13,Watches,lamex,2638.2167045910855,1399.0,44.84758845312988
28250,14,Watches,timex,9995.0,5997.0,40.0
28251,15,Watches,giordano,11590.0,4636.0,60.0
28252,16,Watches,kenneth cole,10495.0,7346.0,30.0
28253,17,Watches,kenneth cole,10295.0,6177.0,40.0
28254,18,Watches,daniel wellington,2638.2167045910855,16999.0,44.84758845312988
28255,19,Watches,esprit,12900.0,9675.0,25.0
28256,20,Watches,casio,9795.0,8815.0,10.0
28257,21,Watches,timex,2638.2167045910855,3795.0,44.84758845312988
28259,23,Watches,xylys,2638.2167045910855,16500.0,44.84758845312988
28260,24,Watches,coach,28495.0,17097.0,40.0
28261,25,Watches,titan,2638.2167045910855,4995.0,44.84758845312988
28262,0,Watches,fossil,9995.0,7996.0,20.0
28263,1,Watches,esprit,8500.0,6375.0,25.0
28264,2,Watches,strand by obaku,5995.0,4796.0,20.0
28265,3,Watches,guess,2638.2167045910855,12295.0,44.84758845312988
28266,4,Watches,versus,2638.2167045910855,17995.0,44.84758845312988
28267,5,Watches,titan,2638.2167045910855,15995.0,44.84758845312988
28268,6,Watches,titan,2638.2167045910855,6095.0,44.84758845312988
28269,7,Watches,daniel wellington,2638.2167045910855,12699.0,44.84758845312988
28270,8,Watches,furla,12995.0,7797.0,40.0
28271,9,Watches,anne klein,9250.0,5550.0,40.0
28272,10,Watches,casio,7495.0,5246.0,30.0
28273,11,Watches,casio,5495.0,4945.0,10.0
28274,12,Watches,casio,8795.0,7915.0,10.0
28275,13,Watches,fastrack,2638.2167045910855,3095.0,44.84758845312988
28276,14,Watches,titan,2638.2167045910855,9495.0,44.84758845312988
28277,15,Watches,skagen,2638.2167045910855,13495.0,44.84758845312988
28278,16,Watches,olivia burton,15995.0,9597.0,40.0
28279,17,Watches,casio,4495.0,3146.0,30.0
28280,18,Watches,fossil,2638.2167045910855,16995.0,44.84758845312988
28281,19,Watches,casio,3995.0,3595.0,10.0
28282,20,Watches,titan,2638.2167045910855,3995.0,44.84758845312988
28283,21,Watches,tommy hilfiger,2638.2167045910855,13495.0,44.84758845312988
28285,23,Watches,helix,1745.0,1047.0,40.0
28286,24,Watches,timex,4195.0,2517.0,40.0
28287,25,Watches,casio,3795.0,3415.0,10.0
28288,0,Watches,esprit,10890.0,8167.0,25.0
28289,1,Watches,fastrack,2638.2167045910855,2795.0,44.84758845312988
28290,2,Watches,titan,2638.2167045910855,4595.0,44.84758845312988
28291,3,Watches,giordano,4990.0,2495.0,50.0
28292,4,Watches,coach,2638.2167045910855,20495.0,44.84758845312988
28293,5,Watches,casio,11995.0,10795.0,10.0
28294,6,Watches,anne klein,13250.0,9275.0,30.0
28295,7,Watches,swiss eagle,8975.0,5385.0,40.0
28296,8,Watches,timex,5495.0,2747.0,50.0
28297,9,Watches,emporio armani,21995.0,13197.0,40.0
28298,10,Watches,emporio armani,2638.2167045910855,24295.0,44.84758845312988
28299,11,Watches,lamex,2638.2167045910855,1749.0,44.84758845312988
28300,12,Watches,michael kors,19995.0,15996.0,20.0
28301,13,Watches,titan,2638.2167045910855,4695.0,44.84758845312988
28302,14,Watches,armani exchange,2638.2167045910855,13995.0,44.84758845312988
28303,15,Watches,daniel wellington,2638.2167045910855,15999.0,44.84758845312988
28304,16,Watches,titan,2638.2167045910855,19995.0,44.84758845312988
28305,17,Watches,fossil,2638.2167045910855,9995.0,44.84758845312988
28306,18,Watches,anne klein,6499.0,4549.0,30.0
28307,19,Watches,fjord,8290.0,3316.0,60.0
28308,20,Watches,casio,9995.0,6996.0,30.0
28309,21,Watches,skagen,2638.2167045910855,9995.0,44.84758845312988
28311,23,Watches,giordano,5295.0,3177.0,40.0
28312,24,Watches,ted baker,15995.0,9597.0,40.0
28313,25,Watches,michael kors,2638.2167045910855,14495.0,44.84758845312988
28314,0,Watches,strand by obaku,5995.0,5395.0,10.0
28315,1,Watches,casio,9495.0,6646.0,30.0
28316,2,Watches,esprit,7200.0,5400.0,25.0
28317,3,Watches,titan,2638.2167045910855,4595.0,44.84758845312988
28318,4,Watches,casio,4995.0,3996.0,20.0
28319,5,Watches,titan,2638.2167045910855,7495.0,44.84758845312988
28320,6,Watches,titan,2638.2167045910855,6995.0,44.84758845312988
28321,7,Watches,timex,3695.0,1847.0,50.0
28322,8,Watches,versace,2638.2167045910855,108000.0,44.84758845312988
28323,9,Watches,giordano,11990.0,5995.0,50.0
28324,10,Watches,fastrack,2638.2167045910855,1950.0,44.84758845312988
28325,11,Watches,kenneth cole,9995.0,7996.0,20.0
28326,12,Watches,fastrack,2638.2167045910855,3495.0,44.84758845312988
28327,13,Watches,giordano,7790.0,3895.0,50.0
28328,14,Watches,giordano,10990.0,4396.0,60.0
28329,15,Watches,casio,8995.0,6296.0,30.0
28330,16,Watches,just cavalli,24900.0,22410.0,10.0
28331,17,Watches,michael kors,2638.2167045910855,18495.0,44.84758845312988
28332,18,Watches,daniel wellington,13999.0,6999.0,50.0
28333,19,Watches,helix,1395.0,1116.0,20.0
28334,20,Watches,giordano,4990.0,2495.0,50.0
28335,21,Watches,helix,2195.0,1317.0,40.0
28337,23,Watches,daniel wellington,2638.2167045910855,2799.0,44.84758845312988
28338,24,Watches,helix,2638.2167045910855,7495.0,44.84758845312988
28339,25,Watches,swiss eagle,8775.0,5265.0,40.0
28340,0,Watches,emporio armani,2638.2167045910855,36995.0,44.84758845312988
28341,1,Watches,emporio armani,2638.2167045910855,24295.0,44.84758845312988
28342,2,Watches,strand by obaku,5995.0,4796.0,20.0
28343,3,Watches,fossil,2638.2167045910855,10995.0,44.84758845312988
28344,4,Watches,kenneth cole,2638.2167045910855,8095.0,44.84758845312988
28345,5,Watches,fastrack,2638.2167045910855,3095.0,44.84758845312988
28346,6,Watches,fossil,2638.2167045910855,10995.0,44.84758845312988
28347,7,Watches,giordano,4990.0,2495.0,50.0
28348,8,Watches,daniel wellington,2638.2167045910855,16199.0,44.84758845312988
28349,9,Watches,giordano,11590.0,5795.0,50.0
28350,10,Watches,esprit,7900.0,5925.0,25.0
28351,11,Watches,just cavalli,24900.0,22410.0,10.0
28352,12,Watches,tissot,2638.2167045910855,34500.0,44.84758845312988
28353,13,Watches,just cavalli,15900.0,14310.0,10.0
28354,14,Watches,titan,2638.2167045910855,3995.0,44.84758845312988
28355,15,Watches,fossil,2638.2167045910855,10995.0,44.84758845312988
28356,16,Watches,fastrack,2638.2167045910855,2895.0,44.84758845312988
28357,17,Watches,just cavalli,15900.0,14310.0,10.0
28358,18,Watches,michael kors,2638.2167045910855,14495.0,44.84758845312988
28359,19,Watches,daniel wellington,2638.2167045910855,24499.0,44.84758845312988
28360,20,Watches,casio,9295.0,8365.0,10.0
28361,21,Watches,swiss eagle,10490.0,7343.0,30.0
28363,23,Watches,emporio armani,32995.0,23096.0,30.0
28364,24,Watches,timex,5845.0,3507.0,40.0
28365,25,Watches,titan,2638.2167045910855,8095.0,44.84758845312988
28366,0,Watches,titan,2638.2167045910855,7295.0,44.84758845312988
28367,1,Watches,just cavalli,15900.0,14310.0,10.0
28368,2,Watches,timex,7495.0,5996.0,20.0
28369,3,Watches,anne klein,13250.0,9275.0,30.0
28370,4,Watches,fastrack,2638.2167045910855,1895.0,44.84758845312988
28371,5,Watches,esprit,8700.0,6525.0,25.0
28372,6,Watches,esprit,7990.0,5992.0,25.0
28373,7,Watches,emporio armani,2638.2167045910855,27995.0,44.84758845312988
28374,8,Watches,giordano,6995.0,4197.0,40.0
28375,9,Watches,amazfit,2638.2167045910855,9999.0,44.84758845312988
28376,10,Watches,police,9295.0,6506.0,30.0
28377,11,Watches,casio,8795.0,6156.0,30.0
28378,12,Watches,just cavalli,23900.0,21510.0,10.0
28379,13,Watches,timex,2638.2167045910855,3795.0,44.84758845312988
28380,14,Watches,casio,10995.0,9895.0,10.0
28381,15,Watches,titan,2638.2167045910855,3595.0,44.84758845312988
28382,16,Watches,giordano,4990.0,2495.0,50.0
28383,17,Watches,fossil,2638.2167045910855,9995.0,44.84758845312988
28384,18,Watches,tissot,2638.2167045910855,30000.0,44.84758845312988
28385,19,Watches,coach,2638.2167045910855,21995.0,44.84758845312988
28386,20,Watches,helix,3295.0,2636.0,20.0
28387,21,Watches,daniel wellington,10599.0,5299.0,50.0
28389,23,Watches,fastrack,2638.2167045910855,1750.0,44.84758845312988
28390,24,Watches,titan,2638.2167045910855,4195.0,44.84758845312988
28391,25,Watches,casio,6495.0,4546.0,30.0
28392,0,Watches,fastrack,2638.2167045910855,2495.0,44.84758845312988
28393,1,Watches,casio,8795.0,6156.0,30.0
28394,2,Watches,daniel wellington,2638.2167045910855,2799.0,44.84758845312988
28395,3,Watches,fossil,2638.2167045910855,9995.0,44.84758845312988
28396,4,Watches,michael kors,2638.2167045910855,25995.0,44.84758845312988
28397,5,Watches,helix,1695.0,1356.0,20.0
28398,6,Watches,giordano,4990.0,2495.0,50.0
28399,7,Watches,timex,6045.0,3627.0,40.0
28400,8,Watches,casio,3295.0,2965.0,10.0
28401,9,Watches,furla,18995.0,11397.0,40.0
28402,10,Watches,timex,5295.0,4236.0,20.0
28403,11,Watches,fossil,15495.0,12396.0,20.0
28404,12,Watches,casio,7295.0,6565.0,10.0
28405,13,Watches,esprit,9500.0,7125.0,25.0
28406,14,Watches,daniel wellington,2638.2167045910855,13399.0,44.84758845312988
28407,15,Watches,ted baker,13495.0,10796.0,20.0
28408,16,Watches,skagen,2638.2167045910855,9995.0,44.84758845312988
28409,17,Watches,coach,2638.2167045910855,20495.0,44.84758845312988
28410,18,Watches,casio,9995.0,6996.0,30.0
28411,19,Watches,anne klein,2638.2167045910855,9495.0,44.84758845312988
28412,20,Watches,casio,4995.0,3496.0,30.0
28413,21,Watches,giordano,2638.2167045910855,6995.0,44.84758845312988
28415,23,Watches,casio,7195.0,5036.0,30.0
28416,24,Watches,lamex,2638.2167045910855,1849.0,44.84758845312988
28417,25,Watches,fjord,5990.0,2396.0,60.0
28418,0,Watches,lawman watches,5999.0,3999.0,33.0
28419,1,Watches,fossil,2638.2167045910855,17995.0,44.84758845312988
28420,2,Watches,giordano,8490.0,4245.0,50.0
28421,3,Watches,skagen,2638.2167045910855,7995.0,44.84758845312988
28422,4,Watches,giordano,5990.0,4193.0,30.0
28423,5,Watches,giordano,7650.0,3825.0,50.0
28424,6,Watches,anne klein,5499.0,3299.0,40.0
28425,7,Watches,giordano,6890.0,3445.0,50.0
28426,8,Watches,anne klein,8250.0,4950.0,40.0
28427,9,Watches,daniel wellington,2638.2167045910855,13999.0,44.84758845312988
28428,10,Watches,helix,3195.0,2556.0,20.0
28429,11,Watches,timex,2638.2167045910855,4395.0,44.84758845312988
28430,12,Watches,giordano,10590.0,5295.0,50.0
28431,13,Watches,casio,7695.0,6925.0,10.0
28432,14,Watches,casio,6795.0,6115.0,10.0
28433,15,Watches,casio,4995.0,3996.0,20.0
28434,16,Watches,daniel wellington,2638.2167045910855,19799.0,44.84758845312988
28435,17,Watches,titan,2638.2167045910855,4545.0,44.84758845312988
28436,18,Watches,anne klein,7250.0,4350.0,40.0
28437,19,Watches,esprit,8900.0,6675.0,25.0
28438,20,Watches,anne klein,2638.2167045910855,6250.0,44.84758845312988
28439,21,Watches,timex,6995.0,5596.0,20.0
28441,23,Watches,skagen,2638.2167045910855,8995.0,44.84758845312988
28442,24,Watches,titan,2638.2167045910855,8995.0,44.84758845312988
28443,25,Watches,helix,1645.0,1316.0,20.0
28444,0,Watches,xylys,2638.2167045910855,16500.0,44.84758845312988
28445,1,Watches,daniel wellington,2638.2167045910855,16199.0,44.84758845312988
28446,2,Watches,fossil,2638.2167045910855,6995.0,44.84758845312988
28447,3,Watches,versus,2638.2167045910855,21495.0,44.84758845312988
28448,4,Watches,esprit,8900.0,6675.0,25.0
28449,5,Watches,casio,10995.0,7696.0,30.0
28450,6,Watches,fossil,9495.0,6646.0,30.0
28451,7,Watches,citizen,2638.2167045910855,9900.0,44.84758845312988
28452,8,Watches,just cavalli,24900.0,22410.0,10.0
28453,9,Watches,casio,2995.0,2396.0,20.0
28454,10,Watches,coach,21495.0,15046.0,30.0
28455,11,Watches,casio,3295.0,2636.0,20.0
28456,12,Watches,ted baker,16995.0,10197.0,40.0
28457,13,Watches,coach,2638.2167045910855,21995.0,44.84758845312988
28458,14,Watches,titan,2638.2167045910855,6695.0,44.84758845312988
28459,15,Watches,anne klein,2638.2167045910855,10999.0,44.84758845312988
28460,16,Watches,skagen,13995.0,9796.0,30.0
28461,17,Watches,titan,2638.2167045910855,31995.0,44.84758845312988
28462,18,Watches,timex,2645.0,1587.0,40.0
28463,19,Watches,alexandre christie,2638.2167045910855,25995.0,44.84758845312988
28464,20,Watches,timex,2895.0,1737.0,40.0
28465,21,Watches,tissot,2638.2167045910855,28000.0,44.84758845312988
28467,23,Watches,emporio armani,2638.2167045910855,27995.0,44.84758845312988
28468,24,Watches,titan,2638.2167045910855,15140.0,44.84758845312988
28469,25,Watches,giordano,13790.0,6895.0,50.0
